mtllib material.mtl
o material
v -0.082991 -0.207118 0.015700
v -0.043936 0.009634 0.015700
v -0.168911 0.009634 0.015700
v -0.172816 0.058452 0.015700
v -0.047842 0.058452 0.015700
v 0.038078 -0.171969 0.015700
v 0.040031 -0.177827 0.011794
v -0.081038 -0.214929 0.011794
v -0.088849 -0.209071 0.011794
v -0.041984 0.058452 0.011794
v -0.174769 0.009634 0.011794
v -0.178674 0.058452 0.011794
v -0.040031 0.009634 0.011794
v 0.041984 -0.170016 0.011794
v 0.038078 -0.171969 -0.031166
v -0.168911 0.009634 -0.031166
v -0.043936 0.009634 -0.031166
v -0.047842 0.058452 -0.031166
v -0.172816 0.058452 -0.031166
v -0.082991 -0.207118 -0.031166
v -0.081038 -0.214929 -0.027260
v 0.040031 -0.177827 -0.027260
v -0.178674 0.058452 -0.027260
v -0.174769 0.009634 -0.027260
v -0.088849 -0.209071 -0.027260
v 0.041984 -0.170016 -0.027260
v -0.040031 0.009634 -0.027260
v -0.041984 0.058452 -0.027260
v -0.079085 -0.194296 -0.032159
v -0.094707 -0.147431 -0.032159
v -0.071274 -0.192343 -0.032159
v -0.086896 -0.145478 -0.032159
v -0.063464 -0.188438 -0.032159
v -0.055653 -0.186485 -0.032159
v -0.047842 -0.184532 -0.032159
v -0.016598 -0.174769 -0.032159
v -0.024409 -0.176721 -0.032159
v -0.040031 -0.133762 -0.032159
v -0.032220 -0.131809 -0.032159
v -0.077133 0.004882 -0.032159
v -0.092754 0.051747 -0.032159
v -0.100565 0.049794 -0.032159
v -0.084943 0.002929 -0.032159
v -0.063464 -0.041984 -0.032159
v -0.047842 -0.086896 -0.032159
v -0.071274 -0.043936 -0.032159
v -0.055653 -0.088849 -0.032159
v -0.079085 -0.045889 -0.032159
v -0.092754 0.000976 -0.032159
v -0.106423 0.047842 -0.032159
v -0.114234 0.045889 -0.032159
v -0.122045 0.043936 -0.032159
v -0.129856 0.041984 -0.032159
v -0.137667 0.040031 -0.032159
v -0.145478 0.038078 -0.032159
v -0.123998 -0.006835 -0.032159
v -0.116187 -0.004882 -0.032159
v -0.102518 -0.051747 -0.032159
v -0.094707 -0.049794 -0.032159
v -0.079085 -0.094707 -0.032159
v -0.071274 -0.092754 -0.032159
v -0.055653 -0.137667 -0.032159
v -0.047842 -0.135714 -0.032159
v -0.032220 -0.178674 -0.032159
v -0.040031 -0.180627 -0.032159
v -0.063464 -0.139620 -0.032159
v -0.071274 -0.141572 -0.032159
v -0.086896 -0.096660 -0.032159
v -0.094707 -0.098613 -0.032159
v -0.110329 -0.051747 -0.032159
v -0.118140 -0.053700 -0.032159
v -0.131809 -0.008787 -0.032159
v -0.139620 -0.010740 -0.032159
v -0.153289 0.034173 -0.032159
v -0.125951 -0.057605 -0.032159
v -0.102518 -0.100565 -0.032159
v -0.110329 -0.102518 -0.032159
v -0.079085 -0.143525 -0.032159
v -0.063464 -0.090802 -0.032159
v -0.086896 -0.047842 -0.032159
v -0.100565 -0.000976 -0.032159
v -0.108376 -0.002929 -0.032159
v -0.079085 -0.194296 0.016182
v -0.071274 -0.192343 0.016182
v -0.094707 -0.147431 0.016182
v -0.110329 -0.102518 0.016182
v -0.125951 -0.057605 0.016182
v -0.102518 -0.100565 0.016182
v -0.118140 -0.053700 0.016182
v -0.139620 -0.010740 0.016182
v -0.153289 0.034173 0.016182
v -0.131809 -0.008787 0.016182
v -0.145478 0.038078 0.016182
v -0.123998 -0.006835 0.016182
v -0.137667 0.040031 0.016182
v -0.100565 0.049794 0.016182
v -0.129856 0.041984 0.016182
v -0.122045 0.043936 0.016182
v -0.114234 0.045889 0.016182
v -0.106423 0.047842 0.016182
v -0.084943 0.002929 0.016182
v -0.092754 0.000976 0.016182
v -0.071274 -0.043936 0.016182
v -0.079085 -0.045889 0.016182
v -0.100565 -0.000976 0.016182
v -0.086896 -0.047842 0.016182
v -0.108376 -0.002929 0.016182
v -0.094707 -0.049794 0.016182
v -0.116187 -0.004882 0.016182
v -0.102518 -0.051747 0.016182
v -0.110329 -0.051747 0.016182
v -0.086896 -0.096660 0.016182
v -0.094707 -0.098613 0.016182
v -0.071274 -0.141572 0.016182
v -0.079085 -0.143525 0.016182
v -0.086896 -0.145478 0.016182
v -0.063464 -0.188438 0.016182
v -0.055653 -0.186485 0.016182
v -0.047842 -0.184532 0.016182
v -0.016598 -0.174769 0.016182
v -0.024409 -0.176721 0.016182
v -0.032220 -0.178674 0.016182
v -0.040031 -0.180627 0.016182
v -0.063464 -0.139620 0.016182
v -0.055653 -0.137667 0.016182
v -0.079085 -0.094707 0.016182
v -0.071274 -0.092754 0.016182
v -0.047842 -0.135714 0.016182
v -0.063464 -0.090802 0.016182
v -0.040031 -0.133762 0.016182
v -0.055653 -0.088849 0.016182
v -0.032220 -0.131809 0.016182
v -0.047842 -0.086896 0.016182
v -0.063464 -0.041984 0.016182
v -0.077133 0.004882 0.016182
v -0.092754 0.051747 0.016182
v -0.340750 -0.035585 -0.042960
v -0.385663 0.005422 -0.042960
v -0.368088 0.013233 -0.042960
v -0.340750 -0.012153 -0.042960
v -0.332939 0.017138 -0.042960
v -0.325128 0.003469 -0.042960
v -0.307554 0.005422 -0.042960
v -0.305601 0.009327 -0.042960
v -0.387616 -0.072687 -0.042960
v -0.413001 -0.060971 -0.042960
v -0.366136 -0.072687 -0.042960
v -0.416906 -0.049254 -0.042960
v -0.334892 -0.014105 -0.039054
v -0.334892 -0.035585 -0.039054
v -0.323176 -0.002389 -0.039054
v -0.360277 -0.076593 -0.039054
v -0.356372 -0.078545 -0.037102
v -0.305601 0.001516 -0.039054
v -0.332939 -0.037538 -0.037102
v -0.301696 0.005422 -0.039054
v -0.342703 -0.100025 -0.037102
v -0.346608 -0.100025 -0.039054
v -0.389568 -0.074640 -0.039054
v -0.387616 -0.098073 -0.039054
v -0.416906 -0.062924 -0.039054
v -0.452055 -0.080498 -0.039054
v -0.420812 -0.049254 -0.039054
v -0.395427 0.011280 -0.039054
v -0.387616 0.009327 -0.039054
v -0.391521 0.026902 -0.039054
v -0.368088 0.017138 -0.039054
v -0.395427 0.044476 -0.039054
v -0.311459 0.050334 -0.039054
v -0.334892 0.021044 -0.039054
v -0.311459 0.017138 -0.039054
v -0.401285 0.052287 -0.039054
v -0.311459 0.052287 -0.039054
v -0.409096 0.052287 -0.037102
v -0.305601 0.054240 -0.041007
v -0.401285 0.044476 -0.037102
v -0.397379 0.026902 -0.037102
v -0.401285 0.011280 -0.037102
v -0.397379 0.058145 -0.037102
v -0.311459 0.058145 -0.037102
v -0.457914 -0.080498 -0.037102
v -0.389568 -0.101978 -0.037102
v -0.452055 -0.084403 -0.037102
v -0.403237 0.058145 -0.035149
v -0.305601 0.050334 -0.042960
v -0.346608 -0.101978 -0.037102
v -0.340750 -0.035585 0.021480
v -0.368088 0.013233 0.021480
v -0.385663 0.005422 0.021480
v -0.340750 -0.012153 0.021480
v -0.332939 0.017138 0.021480
v -0.325128 0.003469 0.021480
v -0.307554 0.005422 0.021480
v -0.305601 0.009327 0.021480
v -0.387616 -0.072687 0.021480
v -0.366136 -0.072687 0.021480
v -0.413001 -0.060971 0.021480
v -0.416906 -0.049254 0.021480
v -0.360277 -0.076593 0.017575
v -0.323176 -0.002389 0.017575
v -0.334892 -0.014105 0.017575
v -0.334892 -0.035585 0.017575
v -0.311459 0.017138 0.017575
v -0.332939 -0.037538 0.015622
v -0.356372 -0.078545 0.015622
v -0.311459 0.050334 0.017575
v -0.305601 0.050334 0.021480
v -0.311459 0.052287 0.017575
v -0.395427 0.044476 0.017575
v -0.401285 0.052287 0.017575
v -0.368088 0.017138 0.017575
v -0.334892 0.021044 0.017575
v -0.346608 -0.100025 0.017575
v -0.387616 -0.098073 0.017575
v -0.389568 -0.074640 0.017575
v -0.452055 -0.080498 0.017575
v -0.416906 -0.062924 0.017575
v -0.420812 -0.049254 0.017575
v -0.395427 0.011280 0.017575
v -0.387616 0.009327 0.017575
v -0.391521 0.026902 0.017575
v -0.397379 0.026902 0.015622
v -0.401285 0.044476 0.015622
v -0.401285 0.011280 0.015622
v -0.311459 0.058145 0.015622
v -0.397379 0.058145 0.015622
v -0.409096 0.052287 0.015622
v -0.457914 -0.080498 0.015622
v -0.389568 -0.101978 0.015622
v -0.346608 -0.101978 0.015622
v -0.452055 -0.084403 0.015622
v -0.305601 0.054240 0.019527
v -0.342703 -0.100025 0.015622
v -0.403237 0.058145 0.013669
v -0.305601 0.001516 0.017575
v -0.301696 0.005422 0.017575
v -0.301696 0.050334 0.017575
v -0.301696 0.050334 -0.039054
v 0.610226 0.090831 -0.000103
v 0.610226 0.090831 0.001850
v 0.610226 0.090831 0.003802
v 0.789877 0.090831 -0.021583
v 0.789877 0.090831 -0.007914
v 0.789877 0.090831 -0.000103
v 0.789877 0.102547 0.011613
v 0.789877 0.108405 0.011613
v 0.789877 0.118169 0.011613
v 0.723484 0.200183 -0.021583
v 0.727390 0.200183 -0.021583
v 0.772302 0.200183 -0.021583
v 0.047842 0.186514 -0.009867
v 0.047842 0.186514 -0.023536
v 0.047842 0.186514 0.005755
v -0.780113 0.135743 0.019424
v -0.780113 0.122074 0.025282
v -0.780113 0.133791 0.021377
v -0.780113 0.143554 0.009661
v -0.780113 0.145507 0.009661
v -0.780113 0.147460 -0.005961
v -0.780113 0.145507 -0.029394
v -0.780113 0.143554 -0.029394
v -0.780113 0.133791 -0.041110
v 0.047842 0.163081 0.027235
v 0.047842 0.180656 0.025282
v 0.047842 0.170892 0.019424
v 0.047842 0.174798 0.005755
v 0.047842 0.182609 0.005755
v 0.047842 0.182609 -0.023536
v -0.389568 0.186514 -0.023536
v -0.389568 0.186514 0.005755
v 0.534070 0.086925 -0.005961
v 0.534070 0.090831 -0.000103
v 0.534070 0.094736 0.005755
v 0.610226 0.090831 -0.021583
v 0.610226 0.102547 -0.035252
v 0.610226 0.102547 -0.033299
v 0.610226 0.118169 -0.035252
v 0.610226 0.118169 -0.033299
v 0.610226 0.131838 -0.025488
v 0.610226 0.131838 -0.021583
v 0.610226 0.133791 -0.015725
v 0.610226 0.131838 -0.000103
v 0.610226 0.133791 -0.004008
v 0.610226 0.131838 0.005755
v 0.610226 0.118169 0.011613
v 0.610226 0.118169 0.015519
v 0.610226 0.102547 0.015519
v 0.610226 0.102547 0.011613
v 0.590699 0.090831 -0.021583
v 0.610226 0.090831 -0.023536
v 0.590699 0.090831 -0.023536
v 0.567266 0.090831 -0.019630
v 0.610226 0.086925 -0.015725
v 0.610226 0.086925 -0.005961
v 0.610226 0.075209 0.003802
v 0.610226 0.075209 -0.023536
v 0.590699 0.075209 -0.023536
v 0.590699 0.075209 0.003802
v 0.567266 0.075209 -0.000103
v 0.567266 0.075209 -0.019630
v 0.534070 0.075209 -0.000103
v 0.534070 0.075209 -0.019630
v 0.567266 0.090831 -0.000103
v 0.590699 0.090831 0.003802
v 0.590699 0.090831 0.001850
v 0.590699 0.102547 0.015519
v 0.590699 0.096689 0.009661
v 0.686382 0.079114 -0.015725
v 0.686382 0.090831 -0.000103
v 0.686382 0.090831 -0.021583
v 0.686382 0.081067 -0.021583
v 0.686382 0.079114 -0.000103
v 0.713720 0.139649 -0.021583
v 0.713720 0.139649 -0.000103
v 0.758633 0.139649 -0.000103
v 0.758633 0.139649 -0.021583
v 0.789877 0.096689 0.005755
v 0.780113 0.079114 -0.000103
v 0.780113 0.090831 -0.021583
v 0.780113 0.090831 -0.000103
v 0.780113 0.079114 -0.015725
v 0.780113 0.081067 -0.021583
v 0.723484 0.200183 -0.000103
v 0.768397 0.202136 -0.000103
v 0.727390 0.200183 -0.000103
v 0.733248 0.207994 -0.021583
v 0.768397 0.202136 -0.021583
v 0.768397 0.207994 -0.021583
v 0.743011 0.215805 -0.021583
v 0.758633 0.215805 -0.021583
v 0.789877 0.124027 0.009661
v 0.901182 0.131838 -0.015725
v 0.901182 0.131838 -0.000103
v 0.901182 0.135743 -0.015725
v 0.901182 0.127932 -0.029394
v 0.930473 0.102547 -0.015725
v 0.930473 0.110358 -0.000103
v 0.930473 0.102547 -0.005961
v 0.930473 0.110358 -0.021583
v 0.930473 0.120121 -0.004008
v 0.930473 0.120121 -0.017678
v 0.534064 0.136582 -0.000200
v 0.575069 0.131264 -0.002108
v 0.536023 0.133791 -0.000103
v 0.536023 0.133791 -0.017678
v 0.536023 0.137696 -0.005961
v 0.536023 0.137696 -0.011819
v 0.534064 0.135666 -0.017775
v 0.575077 0.133791 -0.015725
v -0.104471 0.157223 0.027235
v 0.018551 0.157223 0.027235
v 0.024409 0.151365 0.027235
v 0.047842 0.143554 0.027235
v -0.114234 0.153318 0.027235
v -0.405190 0.163081 0.027235
v -0.418859 0.155271 0.029188
v -0.426670 0.145507 0.029188
v -0.122045 0.145507 0.029188
v -0.434481 0.135743 0.029188
v -0.418859 0.122074 0.029188
v -0.122045 0.131838 0.029188
v -0.114234 0.125980 0.029188
v 0.047842 0.122074 0.029188
v 0.018551 0.125980 0.029188
v 0.024409 0.129885 0.029188
v 0.028314 0.141601 0.029188
v 0.047842 0.063493 0.029188
v -0.418859 0.063493 0.029188
v -0.430576 0.067398 0.029188
v -0.436434 0.073256 0.029188
v -0.448150 0.104500 0.029188
v -0.448150 0.122074 0.029188
v -0.454008 0.104500 0.027235
v -0.454008 0.122074 0.027235
v 0.047842 0.057634 0.027235
v -0.418859 0.057634 0.027235
v -0.434481 0.063493 0.027235
v -0.440339 0.069351 0.027235
v 0.051747 0.059587 0.027235
v -0.420812 0.159176 0.027235
v -0.407143 0.166987 0.025282
v -0.430576 0.147460 0.027235
v -0.438386 0.137696 0.027235
v 0.051747 0.073256 0.027235
v 0.051747 0.122074 0.027235
v 0.051747 0.143554 0.025282
v 0.051747 0.178703 0.025282
v 0.399332 0.143554 0.025282
v 0.399332 0.178703 0.025282
v 0.270452 0.122074 0.027235
v 0.399332 0.108405 0.027235
v 0.270452 0.108405 0.027235
v 0.270452 0.096689 0.027235
v 0.055653 0.086925 0.031141
v 0.399332 0.075209 0.021377
v 0.399332 0.186514 -0.009867
v 0.055653 0.071303 0.027235
v 0.270452 0.075209 0.021377
v 0.069322 0.061540 0.021377
v 0.399332 0.063493 0.011613
v 0.270452 0.063493 0.011613
v -0.666855 0.067398 -0.027441
v -0.440339 0.069351 -0.025488
v -0.666855 0.067398 -0.005961
v -0.440339 0.069351 0.007708
v -0.666855 0.067398 0.011613
v -0.795735 0.057634 -0.005961
v -0.795735 0.057634 0.011613
v -0.795735 0.057634 -0.027441
v -0.795735 0.063493 -0.041110
v -0.795735 0.063493 0.021377
v -0.666855 0.077162 -0.041110
v -0.446197 0.081067 -0.039157
v -0.813309 0.053729 0.025282
v -0.666855 0.102547 0.021377
v -0.666855 0.120121 0.021377
v -0.780113 0.120121 0.021377
v -0.454008 0.104500 0.021377
v -0.454008 0.122074 0.021377
v -0.666855 0.077162 0.021377
v -0.446197 0.081067 0.021377
v -0.666855 0.133791 0.011613
v -0.446197 0.135743 0.011613
v -0.666855 0.102547 -0.041110
v -0.780113 0.120121 -0.041110
v -0.666855 0.120121 -0.041110
v -0.454008 0.104500 -0.041110
v -0.454008 0.122074 -0.041110
v -0.666855 0.133791 -0.027441
v -0.446197 0.135743 -0.027441
v -0.895324 -0.036096 -0.043063
v -0.940236 0.047871 -0.046968
v -0.901182 0.047871 -0.046968
v -0.926567 -0.036096 -0.043063
v -0.942189 0.122074 -0.046968
v -0.905087 0.122074 -0.046968
v -0.780113 0.122074 -0.046968
v -0.813309 0.053729 -0.046968
v -0.862127 -0.034144 -0.039157
v -0.891418 -0.034144 -0.039157
v -0.858222 0.135743 -0.041110
v -0.780113 0.135743 -0.041110
v -0.905087 0.135743 -0.041110
v -0.942189 0.135743 -0.041110
v -0.950000 0.122074 -0.043063
v -0.948047 0.047871 -0.043063
v -0.934378 -0.034144 -0.039157
v -0.950000 0.133791 -0.037205
v -0.862127 -0.045860 -0.027441
v -0.891418 -0.045860 -0.027441
v -0.893371 -0.049765 -0.029394
v -0.926567 -0.049765 -0.029394
v -0.934378 -0.045860 -0.027441
v -0.438386 0.137696 -0.045016
v -0.666855 0.133791 -0.005961
v -0.780113 0.145507 -0.005961
v -0.454008 0.122074 -0.045016
v -0.430576 0.147460 -0.045016
v -0.420812 0.159176 -0.045016
v -0.407143 0.166987 -0.043063
v -0.395427 0.170892 0.019424
v -0.395427 0.170892 -0.039157
v -0.389568 0.174798 -0.023536
v -0.389568 0.174798 0.005755
v 0.047842 0.170892 -0.039157
v 0.047842 0.174798 -0.023536
v -0.940236 0.047871 0.029188
v -0.901182 0.047871 0.029188
v -0.942189 0.122074 0.029188
v -0.905087 0.122074 0.029188
v -0.895324 -0.036096 0.025282
v -0.926567 -0.036096 0.025282
v -0.905087 0.135743 0.023330
v -0.942189 0.135743 0.023330
v -0.950000 0.122074 0.025282
v -0.948047 0.047871 0.025282
v -0.934378 -0.034144 0.021377
v -0.950000 0.133791 0.019424
v -0.893371 -0.049765 0.013566
v -0.926567 -0.049765 0.013566
v -0.891418 -0.034144 0.021377
v -0.934378 -0.045860 0.011613
v 0.047842 0.180656 -0.043063
v 0.051747 0.178703 -0.045016
v 0.399332 0.178703 -0.046968
v 0.399332 0.075209 -0.005961
v 0.399332 0.094736 -0.023536
v 0.399332 0.086925 -0.005961
v 0.399332 0.075209 -0.023536
v 0.399332 0.159176 -0.031347
v 0.399332 0.172845 -0.023536
v 0.399332 0.143554 -0.046968
v 0.399332 0.143554 -0.029394
v 0.399318 0.134055 -0.017828
v 0.399332 0.124027 -0.029394
v 0.399332 0.108405 -0.046968
v 0.399332 0.108405 -0.033299
v 0.399332 0.075209 -0.046968
v 0.399332 0.063493 -0.029394
v 0.399332 0.063493 -0.005961
v 0.399332 0.094736 0.005755
v 0.399332 0.108405 0.013566
v 0.399332 0.124027 0.009661
v 0.399324 0.133002 -0.002059
v 0.399332 0.143554 0.009661
v 0.399332 0.159176 0.011613
v 0.399332 0.172845 0.003802
v 0.399332 0.178703 -0.009867
v -0.950000 0.139649 0.009661
v -0.950000 0.139649 -0.027441
v -0.950000 0.143554 -0.005961
v -0.934378 -0.047813 -0.005961
v 0.069322 0.053729 -0.005961
v 0.069322 0.055682 -0.029394
v 0.270452 0.063493 -0.029394
v 0.270452 0.063493 -0.005961
v 0.069322 0.055682 0.011613
v 0.270452 0.075209 -0.046968
v 0.069322 0.061540 -0.046968
v 0.055653 0.071303 -0.046968
v 0.055653 0.067398 -0.005961
v 0.055653 0.071303 0.011613
v 0.055653 0.071303 -0.029394
v 0.051747 0.073256 -0.045016
v -0.389568 0.182609 0.005755
v -0.389568 0.182609 -0.023536
v -0.114234 0.125980 0.019424
v 0.018551 0.157223 0.019424
v -0.104471 0.157223 0.019424
v -0.114234 0.153318 0.019424
v -0.122045 0.131838 0.019424
v -0.122045 0.145507 0.019424
v 0.018551 0.125980 0.019424
v 0.024409 0.151365 0.019424
v 0.024409 0.129885 0.019424
v 0.717626 0.102547 -0.033299
v 0.717626 0.118169 -0.033299
v 0.750822 0.118169 -0.033299
v 0.750822 0.102547 -0.033299
v 0.780113 0.118169 -0.033299
v 0.780113 0.102547 -0.033299
v 0.686382 0.118169 -0.033299
v 0.686382 0.102547 -0.033299
v 0.789877 0.114263 -0.035252
v 0.789877 0.100594 -0.033299
v 0.789877 0.125980 -0.029394
v 0.686382 0.131838 -0.021583
v 0.717626 0.131838 -0.021583
v 0.750822 0.131838 -0.021583
v 0.780113 0.131838 -0.021583
v 0.758633 0.155271 -0.021583
v 0.754728 0.168940 -0.021583
v 0.744964 0.176750 -0.021583
v 0.733248 0.176750 -0.021583
v 0.721531 0.168940 -0.021583
v 0.713720 0.155271 -0.021583
v 0.534070 0.108405 0.013566
v 0.590699 0.108405 0.013566
v 0.534070 0.124027 0.009661
v 0.590699 0.124027 0.009661
v 0.590699 0.133791 -0.004008
v 0.575077 0.172845 -0.023536
v 0.575077 0.159176 -0.031347
v 0.575077 0.143554 -0.029394
v 0.575077 0.178703 -0.009867
v 0.575077 0.143554 0.009661
v 0.575077 0.159176 0.011613
v 0.575077 0.172845 0.003802
v 0.901182 0.090831 -0.021583
v 0.907040 0.090831 -0.000103
v 0.901182 0.090831 -0.000103
v 0.817215 0.090831 -0.021583
v 0.817215 0.090831 -0.007914
v 0.907040 0.090831 -0.021583
v 0.950000 0.090831 -0.023536
v 0.950000 0.090831 0.001850
v 0.817215 0.096689 0.005755
v 0.907040 0.102547 0.013566
v 0.901182 0.102547 0.011613
v 0.907040 0.102547 0.011613
v 0.950000 0.108405 0.017472
v -0.905087 0.143554 -0.005961
v -0.858222 0.147460 -0.005961
v -0.858222 0.143554 -0.029394
v -0.905087 0.139649 -0.027441
v -0.858222 0.143554 0.009661
v -0.905087 0.139649 0.009661
v -0.905087 0.133791 0.019424
v -0.858222 0.135743 0.019424
v -0.905087 0.122074 0.025282
v -0.901182 0.047871 0.025282
v -0.862127 -0.034144 0.021377
v 0.686382 0.131838 -0.000103
v 0.686382 0.118169 0.011613
v 0.717626 0.118169 0.011613
v 0.717626 0.131838 -0.000103
v 0.750822 0.118169 0.011613
v 0.750822 0.131838 -0.000103
v 0.780113 0.118169 0.011613
v 0.780113 0.131838 -0.000103
v 0.789877 0.131838 -0.000103
v 0.713720 0.155271 -0.000103
v 0.721531 0.168940 -0.000103
v 0.733248 0.176750 -0.000103
v 0.744964 0.176750 -0.000103
v 0.772302 0.200183 -0.000103
v 0.754728 0.168940 -0.000103
v 0.758633 0.155271 -0.000103
v 0.750822 0.079114 -0.000103
v 0.750822 0.090831 -0.000103
v 0.717626 0.090831 -0.000103
v 0.717626 0.079114 -0.000103
v 0.686382 0.102547 0.011613
v 0.717626 0.102547 0.011613
v 0.750822 0.102547 0.011613
v 0.780113 0.102547 0.011613
v 0.575077 0.132968 -0.017727
v 0.768397 0.207994 0.001850
v 0.758633 0.215805 0.001850
v 0.950000 0.110358 -0.021583
v 0.950000 0.102547 -0.015725
v 0.950000 0.102547 -0.005961
v 0.950000 0.110358 -0.000103
v 0.950000 0.129885 0.007708
v 0.950000 0.120121 -0.004008
v 0.950000 0.129885 -0.029394
v 0.950000 0.120121 -0.017678
v 0.950000 0.108405 -0.039157
v 0.817215 0.131838 -0.000103
v 0.817215 0.131838 -0.017678
v 0.817215 0.125980 -0.029394
v 0.569219 0.137696 -0.011819
v 0.569219 0.137696 -0.005961
v 0.590699 0.133791 -0.015725
v 0.590699 0.131838 0.005755
v 0.590699 0.131838 -0.025488
v 0.051747 0.059587 -0.045016
v 0.047842 0.057634 -0.045016
v -0.942189 0.147460 -0.005961
v -0.942189 0.143554 -0.029394
v -0.942189 0.143554 0.011613
v -0.905087 0.143554 -0.029394
v -0.905087 0.147460 -0.005961
v -0.905087 0.143554 0.011613
v 0.907040 0.135743 -0.015725
v 0.907040 0.131838 -0.000103
v 0.907040 0.131838 0.001850
v 0.907040 0.127932 -0.029394
v -0.926567 -0.051718 -0.005961
v -0.893371 -0.051718 -0.005961
v 0.901182 0.118169 0.011613
v 0.817215 0.108405 0.011613
v 0.907040 0.118169 0.011613
v 0.817215 0.122074 0.009661
v 0.901182 0.114263 -0.035252
v 0.907040 0.114263 -0.035252
v 0.817215 0.114263 -0.035252
v 0.907040 0.100594 -0.033299
v 0.901182 0.100594 -0.033299
v 0.817215 0.100594 -0.031347
v -0.891418 -0.047813 -0.005961
v -0.862127 -0.047813 -0.005961
v -0.862127 -0.045860 0.011613
v -0.891418 -0.045860 0.011613
v -0.854317 -0.041955 -0.027441
v -0.854317 -0.045860 -0.005961
v -0.854317 -0.041955 0.011613
v -0.803546 0.049823 -0.027441
v -0.803546 0.049823 -0.005961
v -0.803546 0.049823 0.011613
v 0.907040 0.118169 0.013566
v 0.813309 0.139649 0.001850
v 0.813309 0.141601 -0.019630
v 0.791829 0.141601 -0.019630
v 0.791829 0.139649 0.001850
v 0.791829 0.133791 -0.037205
v 0.813309 0.133791 -0.037205
v 0.813309 0.125980 0.017472
v 0.791829 0.125980 0.017472
v 0.791829 0.094736 -0.041110
v 0.791829 0.114263 -0.045016
v 0.813309 0.114263 -0.045016
v 0.813309 0.094736 -0.041110
v 0.791829 0.081067 -0.005961
v 0.813309 0.081067 -0.005961
v 0.791829 0.088878 0.013566
v 0.813309 0.088878 0.013566
v 0.813309 0.083020 -0.025488
v 0.791829 0.083020 -0.025488
v 0.813309 0.106452 0.021377
v 0.791829 0.106452 0.021377
v 0.534070 0.090831 -0.019630
v 0.590699 0.096689 -0.027441
v 0.534070 0.094736 -0.023536
v 0.534070 0.108405 -0.033299
v 0.590699 0.108405 -0.031347
v 0.534070 0.124027 -0.029394
v 0.590699 0.124027 -0.027441
v 0.733248 0.207994 0.001850
v 0.743011 0.215805 0.001850
v -0.905087 0.133791 -0.037205
v 0.590699 0.102547 -0.035252
v 0.590699 0.118169 0.015519
v 0.590699 0.118169 -0.035252
v 0.534070 0.086925 -0.015725
v 0.047842 0.163081 -0.045016
v 0.789877 0.131838 -0.017678
v -0.454008 0.104500 -0.045016
v -0.440339 0.069351 -0.045016
v -0.434481 0.063493 -0.045016
v -0.418859 0.057634 -0.045016
v 0.047842 0.143554 -0.045016
v -0.405190 0.163081 -0.045016
v -0.418859 0.155271 -0.046968
v -0.426670 0.145507 -0.046968
v 0.051747 0.143554 -0.045016
v 0.270452 0.122074 -0.046968
v -0.434481 0.135743 -0.046968
v 0.047842 0.122074 -0.046968
v -0.418859 0.122074 -0.046968
v -0.448150 0.122074 -0.046968
v 0.047842 0.063493 -0.046968
v -0.418859 0.063493 -0.046968
v 0.270452 0.108405 -0.046968
v 0.270452 0.096689 -0.046968
v 0.051747 0.122074 -0.045016
v -0.430576 0.067398 -0.046968
v -0.448150 0.104500 -0.046968
v -0.436434 0.073256 -0.046968
v 0.055653 0.086925 -0.050874
v 0.750822 0.090831 -0.021583
v 0.717626 0.090831 -0.021583
v 0.750822 0.081067 -0.021583
v 0.717626 0.081067 -0.021583
v 0.717626 0.079114 -0.015725
v 0.750822 0.079114 -0.015725
v -0.280216 -0.000277 -0.023433
v -0.227492 0.005581 -0.023433
v -0.227492 -0.000277 -0.023433
v -0.211870 0.011439 -0.023433
v -0.209918 0.003628 -0.023433
v -0.194296 0.019250 -0.023433
v -0.190391 0.007534 -0.023433
v -0.180627 0.009486 -0.023433
v -0.178674 0.038777 -0.023433
v -0.196249 0.038777 -0.023433
v -0.176721 0.058304 -0.023433
v -0.207965 0.052446 -0.023433
v -0.223587 0.058304 -0.023433
v -0.278263 0.005581 -0.023433
v -0.297790 0.003628 -0.023433
v -0.293885 0.009486 -0.023433
v -0.305601 0.011439 -0.023433
v -0.297790 0.013392 -0.023433
v -0.280216 -0.000277 0.005858
v -0.293885 0.009486 0.005858
v -0.297790 0.003628 0.005858
v -0.297790 0.013392 0.005858
v -0.305601 0.011439 0.005858
v -0.278263 0.005581 0.005858
v -0.227492 -0.000277 0.005858
v -0.227492 0.005581 0.005858
v -0.209918 0.003628 0.005858
v -0.211870 0.011439 0.005858
v -0.190391 0.007534 0.005858
v -0.194296 0.019250 0.005858
v -0.180627 0.009486 0.005858
v -0.178674 0.038777 0.005858
v -0.196249 0.038777 0.005858
v -0.176721 0.058304 0.005858
v -0.207965 0.052446 0.005858
v -0.223587 0.058304 0.005858
v -0.250925 0.013548 0.000000
v -0.248972 0.017453 0.000000
v -0.256783 0.025264 0.000000
v -0.264594 0.021359 0.000000
v -0.260689 0.036980 0.000000
v -0.272405 0.035028 0.000000
v -0.258736 0.046744 0.000000
v -0.274358 0.046744 0.000000
v -0.252878 0.058460 0.000000
v -0.274358 0.058460 0.000000
v -0.250925 0.013548 -0.015622
v -0.264594 0.021359 -0.015622
v -0.248972 0.017453 -0.015622
v -0.256783 0.025264 -0.015622
v -0.272405 0.035028 -0.015622
v -0.260689 0.036980 -0.015622
v -0.274358 0.046744 -0.015622
v -0.258736 0.046744 -0.015622
v -0.274358 0.058460 -0.015622
v -0.252878 0.058460 -0.015622
v -0.813309 0.053700 -0.040174
v -0.780113 0.081038 -0.040174
v -0.778160 0.053700 -0.040174
v -0.746917 0.073227 -0.040174
v -0.746917 0.104471 -0.040174
v -0.813309 0.053700 0.020578
v -0.778160 0.053700 0.020578
v -0.780113 0.081038 0.020578
v -0.746917 0.073227 0.020578
v -0.746917 0.104471 0.020578
v -0.194296 0.073227 -0.046865
v -0.190391 0.069322 -0.046865
v -0.180627 0.073227 -0.046865
v -0.196249 0.079085 -0.046865
v -0.192343 0.086896 -0.046865
v -0.184532 0.088849 -0.046865
v -0.176721 0.079085 -0.046865
v -0.178674 0.084943 -0.046865
v -0.190391 0.075180 -0.050771
v -0.192343 0.079085 -0.050771
v -0.182580 0.082991 -0.050771
v -0.182580 0.077133 -0.050771
v -0.180627 0.073227 0.027338
v -0.190391 0.069322 0.027338
v -0.194296 0.073227 0.027338
v -0.196249 0.079085 0.027338
v -0.192343 0.086896 0.027338
v -0.184532 0.088849 0.027338
v -0.176721 0.079085 0.027338
v -0.178674 0.084943 0.027338
v -0.190391 0.075180 0.031244
v -0.182580 0.082991 0.031244
v -0.192343 0.079085 0.031244
v -0.182580 0.077133 0.031244
v -0.313412 0.090802 -0.046273
v -0.313412 0.075180 -0.046273
v -0.307554 0.073227 -0.046273
v -0.299743 0.075180 -0.046273
v -0.307554 0.094707 -0.046273
v -0.301696 0.092754 -0.046273
v -0.297790 0.086896 -0.046273
v -0.297790 0.079085 -0.046273
v -0.317318 0.084943 -0.046273
v -0.309507 0.081038 -0.050179
v -0.305601 0.088849 -0.050179
v -0.301696 0.082991 -0.050179
v -0.311459 0.084943 -0.050179
v -0.305601 0.077133 -0.050179
v -0.307554 0.073227 0.027338
v -0.313412 0.075180 0.027338
v -0.313412 0.090802 0.027338
v -0.299743 0.075180 0.027338
v -0.307554 0.094707 0.027338
v -0.301696 0.092754 0.027338
v -0.297790 0.086896 0.027338
v -0.297790 0.079085 0.027338
v -0.317318 0.084943 0.027338
v -0.309507 0.081038 0.031244
v -0.301696 0.082991 0.031244
v -0.305601 0.088849 0.031244
v -0.311459 0.084943 0.031244
v -0.305601 0.077133 0.031244
v -0.165005 0.073227 -0.046107
v -0.153289 0.073227 -0.046107
v -0.151336 0.079085 -0.046107
v -0.153289 0.088849 -0.046107
v -0.168911 0.079085 -0.046107
v -0.166958 0.086896 -0.046107
v -0.159147 0.090802 -0.046107
v -0.157194 0.079085 -0.050013
v -0.157194 0.086896 -0.050013
v -0.165005 0.079085 -0.050013
v -0.151336 0.079085 0.027338
v -0.153289 0.073227 0.027338
v -0.165005 0.073227 0.027338
v -0.153289 0.088849 0.027338
v -0.168911 0.079085 0.027338
v -0.166958 0.086896 0.027338
v -0.159147 0.090802 0.027338
v -0.157194 0.079085 0.031244
v -0.157194 0.086896 0.031244
v -0.165005 0.079085 0.031244
v 0.416906 0.090802 -0.005858
v 0.416906 0.081038 -0.011716
v 0.416906 0.081038 -0.005858
v 0.416906 0.084943 -0.003905
v 0.416906 0.090802 -0.011716
v 0.416906 0.084943 -0.015622
v 0.534070 0.081038 -0.005858
v 0.534070 0.090802 -0.005858
v 0.534070 0.084943 -0.003905
v 0.534070 0.090802 -0.011716
v 0.534070 0.081038 -0.011716
v 0.534070 0.084943 -0.015622
v -0.313412 0.108376 -0.046141
v -0.307554 0.104471 -0.046141
v -0.299743 0.108376 -0.046141
v -0.313412 0.122045 -0.046141
v -0.307554 0.125951 -0.046141
v -0.301696 0.123998 -0.046141
v -0.297790 0.118140 -0.046141
v -0.297790 0.112282 -0.046141
v -0.317318 0.116187 -0.046141
v -0.309507 0.112282 -0.050047
v -0.311459 0.116187 -0.050047
v -0.301696 0.114234 -0.050047
v -0.305601 0.120092 -0.050047
v -0.305601 0.110329 -0.050047
v -0.299743 0.108376 0.027338
v -0.307554 0.104471 0.027338
v -0.313412 0.108376 0.027338
v -0.313412 0.122045 0.027338
v -0.307554 0.125951 0.027338
v -0.301696 0.123998 0.027338
v -0.297790 0.118140 0.027338
v -0.297790 0.112282 0.027338
v -0.317318 0.116187 0.027338
v -0.309507 0.112282 0.031244
v -0.301696 0.114234 0.031244
v -0.311459 0.116187 0.031244
v -0.305601 0.120092 0.031244
v -0.305601 0.110329 0.031244
v -0.397379 0.129856 -0.046865
v -0.389568 0.125951 -0.046865
v -0.383710 0.129856 -0.046865
v -0.399332 0.137667 -0.046865
v -0.395427 0.143525 -0.046865
v -0.385663 0.145478 -0.046865
v -0.379805 0.139620 -0.046865
v -0.379805 0.135714 -0.046865
v -0.391521 0.131809 -0.050771
v -0.395427 0.137667 -0.050771
v -0.385663 0.137667 -0.050771
v -0.385663 0.131809 -0.050771
v -0.383710 0.129856 0.027338
v -0.389568 0.125951 0.027338
v -0.397379 0.129856 0.027338
v -0.399332 0.137667 0.027338
v -0.395427 0.143525 0.027338
v -0.385663 0.145478 0.027338
v -0.379805 0.139620 0.027338
v -0.379805 0.135714 0.027338
v -0.391521 0.131809 0.031244
v -0.385663 0.137667 0.031244
v -0.395427 0.137667 0.031244
v -0.385663 0.131809 0.031244
v -0.241161 0.141572 0.027338
v -0.229445 0.129856 0.027338
v -0.239209 0.129856 0.027338
v -0.243114 0.135714 0.027338
v -0.225540 0.135714 0.027338
v -0.235303 0.145478 0.027338
v -0.227492 0.145478 0.027338
v -0.223587 0.141572 0.027338
v -0.237256 0.135714 0.031244
v -0.231398 0.135714 0.031244
v -0.229445 0.141572 0.031244
v -0.237256 0.141572 0.031244
v 0.028314 0.131809 0.017575
v 0.030267 0.153289 0.017575
v 0.028314 0.153289 0.050771
v 0.026362 0.131809 0.050771
v 0.022456 0.133762 0.019527
v 0.022456 0.153289 0.050771
v 0.024409 0.153289 0.019527
v 0.022456 0.133762 0.050771
v -0.459866 0.143525 -0.025385
v -0.459866 0.153289 -0.025385
v -0.434481 0.143525 -0.025385
v -0.434481 0.163052 -0.025385
v -0.473535 0.151336 -0.025385
v -0.473535 0.145478 -0.025385
v -0.434481 0.143525 0.007811
v -0.434481 0.163052 0.007811
v -0.459866 0.153289 0.007811
v -0.459866 0.143525 0.007811
v -0.473535 0.151336 0.007811
v -0.473535 0.145478 0.007811
v -0.434481 0.143525 0.000000
v -0.444245 0.155242 0.000000
v -0.434481 0.157194 0.000000
v -0.459866 0.143525 0.000000
v -0.459866 0.143525 -0.017575
v -0.434481 0.143525 -0.017575
v -0.444245 0.155242 -0.017575
v -0.434481 0.157194 -0.017575
v -0.473535 0.145478 0.000000
v -0.473535 0.145478 -0.017575
v -0.317318 0.186233 -0.023433
v -0.317318 0.186233 0.005858
v -0.317318 0.192091 0.005858
v -0.317318 0.192091 -0.023433
v -0.278263 0.186233 -0.023433
v -0.278263 0.186233 0.005858
v -0.278263 0.192091 0.005858
v -0.278263 0.192091 -0.023433
v -0.311459 0.191685 -0.001953
v -0.313412 0.191685 -0.009764
v -0.311459 0.191685 -0.015622
v -0.305601 0.191685 0.003905
v -0.297790 0.191685 0.005858
v -0.305601 0.191685 -0.021480
v -0.297790 0.191685 -0.023433
v -0.289979 0.191685 0.003905
v -0.289979 0.191685 -0.021480
v -0.284121 0.191685 -0.001953
v -0.284121 0.191685 -0.015622
v -0.282169 0.191685 -0.009764
v -0.311459 0.203402 -0.015622
v -0.311459 0.203402 -0.001953
v -0.305601 0.203402 0.003905
v -0.305601 0.203402 -0.021480
v -0.297790 0.203402 0.005858
v -0.297790 0.203402 -0.023433
v -0.289979 0.203402 0.003905
v -0.289979 0.203402 -0.021480
v -0.284121 0.203402 -0.001953
v -0.284121 0.203402 -0.015622
v -0.282169 0.203402 -0.009764
v -0.313412 0.203402 -0.009764
vt 0.335562 0.538169
vt 0.168285 0.439994
vt 0.130187 0.543112
vt 0.088621 0.531523
vt 0.126705 0.428399
vt 0.343426 0.427639
vt 0.349785 0.427303
vt 0.343352 0.539372
vt 0.335899 0.544564
vt 0.128757 0.422585
vt 0.128273 0.549006
vt 0.086552 0.537384
vt 0.169620 0.435319
vt 0.343641 0.422585
vt 0.430715 0.416157
vt 0.215760 0.306230
vt 0.255935 0.407617
vt 0.214764 0.420027
vt 0.174583 0.318610
vt 0.420517 0.306769
vt 0.428248 0.305412
vt 0.437053 0.416353
vt 0.172389 0.312839
vt 0.213730 0.300426
vt 0.420715 0.300426
vt 0.431042 0.421165
vt 0.029427 0.155832
vt 0.236701 0.191051
vt 0.236701 0.155956
vt 0.029427 0.190927
vt 0.278255 0.155540
vt 0.278255 0.190635
vt 0.022175 0.190764
vt 0.022175 0.155669
vt 0.917732 0.965218
vt 0.882277 0.792292
vt 0.917566 0.792347
vt 0.882453 0.965249
vt 0.917740 0.749661
vt 0.882531 0.749531
vt 0.877397 0.791510
vt 0.882459 0.972301
vt 0.917740 0.972266
vt 0.876252 0.749290
vt 0.937768 0.335369
vt 0.979256 0.444460
vt 0.979256 0.335369
vt 0.975798 0.449574
vt 0.937768 0.444460
vt 0.941226 0.449574
vt 0.975798 0.330256
vt 0.941226 0.330256
vt 0.418455 0.046165
vt 0.530043 0.012074
vt 0.530043 0.046165
vt 0.418455 0.012074
vt 0.792608 0.173809
vt 0.792721 0.216867
vt 0.799707 0.173253
vt 0.799820 0.216311
vt 0.807356 0.174310
vt 0.814455 0.173754
vt 0.821554 0.173198
vt 0.850501 0.172585
vt 0.843402 0.173142
vt 0.842413 0.212973
vt 0.849513 0.212417
vt 0.850387 0.337823
vt 0.850501 0.380881
vt 0.843401 0.381437
vt 0.843289 0.338379
vt 0.848637 0.295307
vt 0.849075 0.253862
vt 0.841539 0.295864
vt 0.841976 0.254418
vt 0.834440 0.296420
vt 0.836190 0.338935
vt 0.837940 0.381452
vt 0.830841 0.382008
vt 0.823742 0.382564
vt 0.816643 0.383121
vt 0.809544 0.383677
vt 0.802445 0.384233
vt 0.807793 0.341160
vt 0.814893 0.340604
vt 0.813143 0.298089
vt 0.820242 0.297533
vt 0.820679 0.256087
vt 0.827779 0.255531
vt 0.828215 0.214086
vt 0.835315 0.213530
vt 0.836303 0.173698
vt 0.829204 0.174254
vt 0.821116 0.214642
vt 0.814018 0.215199
vt 0.813580 0.256643
vt 0.806481 0.257200
vt 0.806594 0.300258
vt 0.799495 0.300815
vt 0.800695 0.341717
vt 0.793595 0.342273
vt 0.794795 0.383176
vt 0.791846 0.299758
vt 0.799382 0.257756
vt 0.792283 0.258313
vt 0.806919 0.215755
vt 0.834877 0.254975
vt 0.827341 0.296976
vt 0.829091 0.339492
vt 0.821992 0.340048
vt 0.428469 0.004972
vt 0.421279 0.006392
vt 0.379828 0.004972
vt 0.759704 0.942668
vt 0.766803 0.943224
vt 0.759817 0.899610
vt 0.759379 0.858165
vt 0.758941 0.816719
vt 0.766478 0.858721
vt 0.766591 0.815663
vt 0.760691 0.774204
vt 0.761891 0.733301
vt 0.767790 0.774760
vt 0.769540 0.732244
vt 0.774889 0.775317
vt 0.776640 0.732800
vt 0.810497 0.735040
vt 0.783739 0.733357
vt 0.790838 0.733913
vt 0.797937 0.734470
vt 0.805036 0.735026
vt 0.810385 0.778098
vt 0.803286 0.777542
vt 0.808635 0.820614
vt 0.801536 0.820058
vt 0.796187 0.776985
vt 0.794437 0.819502
vt 0.789088 0.776429
vt 0.787338 0.818945
vt 0.781989 0.775873
vt 0.780239 0.818388
vt 0.773690 0.816219
vt 0.780676 0.859834
vt 0.773577 0.859278
vt 0.781114 0.901278
vt 0.774015 0.900722
vt 0.766916 0.900166
vt 0.774452 0.942167
vt 0.781551 0.942723
vt 0.788650 0.943280
vt 0.817597 0.943892
vt 0.810498 0.943335
vt 0.803398 0.942779
vt 0.796299 0.942223
vt 0.788212 0.901835
vt 0.795311 0.902391
vt 0.787775 0.860390
vt 0.794874 0.860946
vt 0.802410 0.902947
vt 0.801973 0.861503
vt 0.809509 0.903504
vt 0.809072 0.862059
vt 0.816608 0.904060
vt 0.816171 0.862615
vt 0.815733 0.821170
vt 0.817483 0.778654
vt 0.817597 0.735596
vt 0.687411 0.990767
vt 0.728862 0.989347
vt 0.736051 0.990767
vt 0.838551 0.486033
vt 0.887921 0.505885
vt 0.875896 0.517424
vt 0.845382 0.505189
vt 0.848218 0.531407
vt 0.837288 0.522962
vt 0.823720 0.530769
vt 0.823224 0.534544
vt 0.866144 0.442380
vt 0.890416 0.444226
vt 0.848493 0.448517
vt 0.897024 0.452293
vt 0.838876 0.505311
vt 0.832634 0.487726
vt 0.832915 0.518229
vt 0.841739 0.446255
vt 0.837445 0.445995
vt 0.819857 0.527414
vt 0.829863 0.486580
vt 0.817597 0.531903
vt 0.819207 0.432225
vt 0.822844 0.430970
vt 0.866946 0.438461
vt 0.857989 0.419659
vt 0.893737 0.440290
vt 0.918223 0.414959
vt 0.901550 0.450623
vt 0.899109 0.508398
vt 0.891932 0.509145
vt 0.900731 0.522497
vt 0.877997 0.521758
vt 0.909452 0.535761
vt 0.841150 0.566462
vt 0.851565 0.535283
vt 0.831050 0.539353
vt 0.916710 0.540431
vt 0.841804 0.568151
vt 0.923462 0.538172
vt 0.837148 0.571528
vt 0.914599 0.533816
vt 0.905899 0.520615
vt 0.904341 0.506621
vt 0.915511 0.546699
vt 0.843912 0.573153
vt 0.923462 0.413074
vt 0.858335 0.415413
vt 0.917171 0.411222
vt 0.920913 0.545278
vt 0.835146 0.568409
vt 0.821664 0.428874
vt 0.829288 0.665221
vt 0.866404 0.633634
vt 0.878307 0.645273
vt 0.836131 0.645893
vt 0.839053 0.619514
vt 0.828174 0.627909
vt 0.814913 0.619828
vt 0.814655 0.616152
vt 0.856608 0.709297
vt 0.839110 0.703123
vt 0.880709 0.707478
vt 0.887273 0.699356
vt 0.832369 0.705439
vt 0.823769 0.632656
vt 0.829664 0.645792
vt 0.823417 0.663479
vt 0.822277 0.611422
vt 0.820673 0.664636
vt 0.828090 0.705665
vt 0.832180 0.584400
vt 0.826477 0.582801
vt 0.832631 0.582597
vt 0.899606 0.615216
vt 0.906786 0.610510
vt 0.868505 0.629270
vt 0.842386 0.615589
vt 0.813505 0.720872
vt 0.848537 0.732238
vt 0.857431 0.713236
vt 0.908249 0.736998
vt 0.884014 0.711426
vt 0.891765 0.701019
vt 0.889384 0.642740
vt 0.882274 0.641982
vt 0.890984 0.628554
vt 0.896089 0.630452
vt 0.904706 0.617225
vt 0.894565 0.644537
vt 0.834623 0.577415
vt 0.905603 0.604195
vt 0.913448 0.612806
vt 0.913448 0.738912
vt 0.848894 0.736538
vt 0.812323 0.722991
vt 0.907203 0.740767
vt 0.827588 0.579378
vt 0.809893 0.719549
vt 0.910889 0.605683
vt 0.810909 0.622966
vt 0.809013 0.618060
vt 0.822255 0.580815
vt 0.154922 0.005613
vt 0.231318 0.052626
vt 0.154922 0.052626
vt 0.231318 0.005613
vt 0.149713 0.007354
vt 0.149713 0.050884
vt 0.237578 0.002131
vt 0.237578 0.056108
vt 0.242489 0.054366
vt 0.242489 0.003871
vt 0.142346 0.052626
vt 0.142346 0.005613
vt 0.629285 0.051847
vt 0.629285 0.004980
vt 0.571567 0.051841
vt 0.571567 0.004975
vt 0.667106 0.004974
vt 0.667106 0.051840
vt 0.565808 0.051839
vt 0.565808 0.004972
vt 0.670243 0.004972
vt 0.670243 0.051838
vt 0.866237 0.794083
vt 0.825634 0.794083
vt 0.866237 0.743608
vt 0.825634 0.743608
vt 0.862707 0.799006
vt 0.825634 0.799006
vt 0.821888 0.797775
vt 0.716023 0.002424
vt 0.738569 0.002424
vt 0.716023 0.048712
vt 0.738569 0.048712
vt 0.780393 0.002424
vt 0.782839 0.050426
vt 0.780393 0.048712
vt 0.782839 0.000710
vt 0.801860 0.000710
vt 0.801860 0.050426
vt 0.887962 0.347301
vt 0.904299 0.347325
vt 0.887962 0.398406
vt 0.904299 0.398430
vt 0.873391 0.398438
vt 0.873391 0.347332
vt 0.909156 0.347314
vt 0.909156 0.398419
vt 0.805847 0.058949
vt 0.796137 0.105824
vt 0.796137 0.058949
vt 0.805847 0.105824
vt 0.821671 0.058949
vt 0.821671 0.105824
vt 0.835825 0.058949
vt 0.835825 0.105824
vt 0.930615 0.058949
vt 0.930615 0.105824
vt 0.000000 1.000000
vt 0.000000 1.000000
vt 0.000000 1.000000
vt 0.000000 1.000000
vt 0.000000 1.000000
vt 0.000000 1.000000
vt 0.000000 1.000000
vt 0.000000 1.000000
vt 0.000000 1.000000
vt 0.000000 1.000000
vt 0.000000 1.000000
vt 0.000000 1.000000
vt 0.000000 1.000000
vt 0.000000 1.000000
vt 0.000000 1.000000
vt 0.843348 0.049006
vt 0.829041 0.049006
vt 0.840882 0.047585
vt 0.431330 0.987926
vt 0.419604 0.989347
vt 0.417024 0.987926
vt 0.783262 0.423588
vt 0.780401 0.409801
vt 0.780401 0.424006
vt 0.067455 0.230824
vt 0.066811 0.228887
vt 0.087983 0.223722
vt 0.053648 0.223722
vt 0.819027 0.004972
vt 0.806152 0.013844
vt 0.816258 0.014253
vt 0.819027 0.026400
vt 0.812936 0.029676
vt 0.816536 0.043324
vt 0.090844 0.316051
vt 0.090844 0.311790
vt 0.077969 0.311790
vt 0.043634 0.100142
vt 0.043634 0.085938
vt 0.039342 0.099307
vt 0.418455 0.754972
vt 0.418455 0.729403
vt 0.033619 0.729403
vt 0.033619 0.754972
vt 0.382690 0.548985
vt 0.389128 0.547585
vt 0.395565 0.549006
vt 0.034170 0.563210
vt 0.046495 0.573670
vt 0.044734 0.573670
vt 0.046495 0.587616
vt 0.044734 0.587616
vt 0.037691 0.599819
vt 0.034170 0.599819
vt 0.028888 0.601562
vt 0.014802 0.599819
vt 0.018323 0.601562
vt 0.009519 0.599819
vt 0.004237 0.587616
vt 0.000715 0.587616
vt 0.000715 0.573670
vt 0.004237 0.573670
vt 0.014802 0.563210
vt 0.013041 0.563210
vt 0.170554 0.994217
vt 0.187968 0.992188
vt 0.188126 0.994420
vt 0.170713 0.996449
vt 0.149499 0.994420
vt 0.994277 0.808746
vt 0.997854 0.801847
vt 0.997854 0.803572
vt 0.997854 0.822545
vt 0.994277 0.817371
vt 0.983548 0.825994
vt 0.997854 0.825994
vt 0.983548 0.801847
vt 0.754650 0.455328
vt 0.754650 0.438210
vt 0.730329 0.455328
vt 0.733803 0.475871
vt 0.751175 0.475871
vt 0.733803 0.504972
vt 0.751175 0.504972
vt 0.730329 0.438210
vt 0.660229 0.617999
vt 0.639016 0.620028
vt 0.639174 0.617797
vt 0.621761 0.615767
vt 0.621602 0.617999
vt 0.517167 0.124290
vt 0.534335 0.124290
vt 0.526458 0.125710
vt 0.661660 0.782219
vt 0.673104 0.767756
vt 0.673104 0.787642
vt 0.663567 0.787642
vt 0.661660 0.767756
vt 0.974964 0.857244
vt 0.994993 0.857244
vt 0.994993 0.897017
vt 0.974964 0.897017
vt 0.487124 0.816051
vt 0.481402 0.803267
vt 0.481402 0.810937
vt 0.115165 0.993608
vt 0.122318 0.993608
vt 0.129471 0.995028
vt 0.521459 0.257812
vt 0.521459 0.245028
vt 0.518598 0.250142
vt 0.002146 0.168324
vt 0.013591 0.188210
vt 0.013591 0.168324
vt 0.002146 0.182787
vt 0.004054 0.188210
vt 0.633047 0.861506
vt 0.673104 0.862926
vt 0.636524 0.862926
vt 0.376967 0.946733
vt 0.382192 0.939631
vt 0.413541 0.944957
vt 0.417024 0.946733
vt 0.413541 0.939631
vt 0.390900 0.932528
vt 0.404833 0.932528
vt 0.003577 0.791903
vt 0.003577 0.777699
vt 0.002146 0.783162
vt 0.673167 0.823710
vt 0.687411 0.821733
vt 0.673642 0.827415
vt 0.660229 0.821733
vt 0.052478 0.492188
vt 0.037911 0.499132
vt 0.043373 0.492188
vt 0.057940 0.499132
vt 0.041552 0.507812
vt 0.054299 0.507812
vt 0.819027 0.975142
vt 0.856223 0.975142
vt 0.821090 0.977983
vt 0.591559 0.992188
vt 0.607296 0.992188
vt 0.602051 0.996449
vt 0.596806 0.996449
vt 0.375536 0.759233
vt 0.373686 0.762074
vt 0.338340 0.759233
vt 0.443491 0.953360
vt 0.335390 0.951390
vt 0.309577 0.956104
vt 0.330309 0.946130
vt 0.309807 0.938921
vt 0.452120 0.950091
vt 0.707653 0.963253
vt 0.719783 0.956368
vt 0.726829 0.947925
vt 0.459098 0.943141
vt 0.733862 0.939451
vt 0.720337 0.927177
vt 0.459300 0.931123
vt 0.452512 0.925857
vt 0.310078 0.919918
vt 0.335778 0.923766
vt 0.330591 0.927075
vt 0.327061 0.937307
vt 0.311042 0.868355
vt 0.721247 0.875619
vt 0.731474 0.879248
vt 0.736522 0.884483
vt 0.746341 0.912159
vt 0.746055 0.927604
vt 0.751788 0.912210
vt 0.751484 0.927807
vt 0.311006 0.862926
vt 0.721391 0.870174
vt 0.735149 0.875605
vt 0.740283 0.880931
vt 0.307449 0.864677
vt 0.721593 0.960170
vt 0.709336 0.967133
vt 0.730528 0.949976
vt 0.737564 0.941482
vt 0.307023 0.876841
vt 0.306178 0.919949
vt 0.305971 0.938935
vt 0.305744 0.969799
vt 0.001150 0.936810
vt 0.000935 0.967673
vt 0.114336 0.918620
vt 0.001349 0.905903
vt 0.114411 0.906590
vt 0.114476 0.896274
vt 0.302682 0.888952
vt 0.309200 0.971434
vt 0.001477 0.876308
vt 0.000715 0.999290
vt 0.303167 0.874885
vt 0.114519 0.876696
vt 0.291095 0.864974
vt 0.001520 0.862926
vt 0.114447 0.863296
vt 0.644420 0.380392
vt 0.445637 0.387226
vt 0.644809 0.399120
vt 0.446391 0.416132
vt 0.645128 0.414425
vt 0.758176 0.397384
vt 0.758416 0.412677
vt 0.757887 0.378690
vt 0.757304 0.365767
vt 0.758184 0.422585
vt 0.643726 0.365767
vt 0.450234 0.371384
vt 0.776109 0.421542
vt 0.611616 0.460133
vt 0.611636 0.475683
vt 0.710993 0.475464
vt 0.711022 0.487520
vt 0.424851 0.461986
vt 0.424860 0.477507
vt 0.611588 0.437686
vt 0.417983 0.441291
vt 0.724607 0.425426
vt 0.611505 0.490529
vt 0.418044 0.492358
vt 0.710576 0.502131
vt 0.611355 0.425487
vt 0.412732 0.425426
vt 0.604385 0.543977
vt 0.502442 0.564856
vt 0.605185 0.559696
vt 0.797561 0.536028
vt 0.603231 0.521271
vt 0.485694 0.514915
vt 0.798361 0.551748
vt 0.503063 0.577083
vt 0.803593 0.514915
vt 0.605890 0.573342
vt 0.806152 0.565037
vt 0.503668 0.588778
vt 0.308239 0.193356
vt 0.381914 0.155491
vt 0.381558 0.189602
vt 0.308987 0.166357
vt 0.446792 0.153988
vt 0.446833 0.186377
vt 0.446688 0.296140
vt 0.386642 0.266875
vt 0.308992 0.223981
vt 0.308717 0.198276
vt 0.394658 0.283430
vt 0.459896 0.227563
vt 0.459768 0.296165
vt 0.459943 0.186307
vt 0.459768 0.153647
vt 0.447278 0.146398
vt 0.381808 0.147827
vt 0.309433 0.158721
vt 0.459148 0.145597
vt 0.294683 0.224193
vt 0.294307 0.198934
vt 0.291130 0.194332
vt 0.292371 0.165216
vt 0.294378 0.157311
vt 0.304534 0.781724
vt 0.311710 0.768114
vt 0.311196 0.831325
vt 0.304257 0.815892
vt 0.110798 0.795536
vt 0.110646 0.814328
vt 0.110923 0.780161
vt 0.011007 0.781062
vt 0.010730 0.815230
vt 0.010896 0.794729
vt 0.291638 0.829098
vt 0.291848 0.832509
vt 0.322680 0.768202
vt 0.322166 0.831413
vt 0.336061 0.768310
vt 0.335548 0.831521
vt 0.349860 0.770130
vt 0.349375 0.829924
vt 0.360628 0.775378
vt 0.360238 0.826593
vt 0.366529 0.812980
vt 0.366747 0.787356
vt 0.747759 0.858665
vt 0.748927 0.844629
vt 0.748927 0.755675
vt 0.747895 0.743289
vt 0.747095 0.733665
vt 0.291941 0.771477
vt 0.292404 0.766372
vt 0.129063 0.129337
vt 0.132136 0.095029
vt 0.063902 0.125267
vt 0.066652 0.092680
vt 0.206326 0.096644
vt 0.203552 0.123941
vt 0.053479 0.091619
vt 0.050856 0.124498
vt 0.062761 0.132862
vt 0.128542 0.137074
vt 0.202366 0.131643
vt 0.050787 0.132650
vt 0.222461 0.096750
vt 0.219119 0.126139
vt 0.205120 0.091619
vt 0.216242 0.133879
vt 0.000715 0.306108
vt 0.312432 0.277129
vt 0.000944 0.275378
vt 0.001091 0.245473
vt 0.004551 0.243608
vt 0.312589 0.243608
vt 0.942888 0.209179
vt 0.958475 0.192044
vt 0.942888 0.198898
vt 0.958475 0.209179
vt 0.965402 0.135496
vt 0.979256 0.118360
vt 0.958475 0.123501
vt 0.979256 0.149204
vt 0.963670 0.149204
vt 0.953413 0.157540
vt 0.963670 0.166340
vt 0.979256 0.180049
vt 0.967133 0.180049
vt 0.979256 0.209179
vt 0.963670 0.219460
vt 0.942888 0.219460
vt 0.927302 0.219460
vt 0.918643 0.209179
vt 0.932498 0.192044
vt 0.913448 0.180049
vt 0.925570 0.180049
vt 0.915180 0.149204
vt 0.929034 0.166340
vt 0.939428 0.158464
vt 0.929034 0.149204
vt 0.927302 0.135496
vt 0.915180 0.118360
vt 0.934230 0.123501
vt 0.946352 0.118360
vt 0.946352 0.111506
vt 0.795612 0.112083
vt 0.722722 0.168324
vt 0.722725 0.108665
vt 0.795609 0.164923
vt 0.657581 0.168324
vt 0.657584 0.108665
vt 0.647319 0.163211
vt 0.647322 0.113779
vt 0.642189 0.154688
vt 0.642191 0.122302
vt 0.638770 0.141052
vt 0.805873 0.122309
vt 0.807582 0.141059
vt 0.805871 0.156400
vt 0.762878 0.332316
vt 0.762985 0.312145
vt 0.587258 0.313419
vt 0.587525 0.334139
vt 0.473101 0.315219
vt 0.473450 0.336020
vt 0.587754 0.349684
vt 0.473713 0.351617
vt 0.763401 0.347337
vt 0.765188 0.357136
vt 0.586848 0.294744
vt 0.763799 0.295867
vt 0.472818 0.296475
vt 0.779686 0.294744
vt 0.779334 0.332243
vt 0.781226 0.348340
vt 0.786123 0.362531
vt 0.781471 0.362926
vt 0.781158 0.310844
vt 0.784231 0.296289
vt 0.409871 0.858665
vt 0.025036 0.851089
vt 0.409871 0.851089
vt 0.025036 0.847301
vt 0.409871 0.847301
vt 0.025036 0.858665
vt 0.718884 0.983665
vt 0.334049 0.976089
vt 0.718884 0.976089
vt 0.334049 0.972301
vt 0.718884 0.972301
vt 0.334049 0.983665
vt 0.473104 0.536222
vt 0.356366 0.507812
vt 0.464521 0.507812
vt 0.473104 0.511363
vt 0.479971 0.530895
vt 0.479971 0.518466
vt 0.356366 0.536222
vt 0.351216 0.513139
vt 0.351216 0.532671
vt 0.485956 0.193655
vt 0.500065 0.193663
vt 0.500097 0.163751
vt 0.485989 0.163743
vt 0.500126 0.137358
vt 0.486017 0.137350
vt 0.485851 0.290431
vt 0.499959 0.290438
vt 0.500034 0.221816
vt 0.485925 0.221808
vt 0.496335 0.128551
vt 0.484263 0.128551
vt 0.507735 0.128576
vt 0.514015 0.221861
vt 0.514045 0.193708
vt 0.514078 0.163796
vt 0.514107 0.137403
vt 0.513940 0.290483
vt 0.521140 0.156761
vt 0.535248 0.156768
vt 0.575823 0.144473
vt 0.547589 0.160294
vt 0.554633 0.169095
vt 0.575775 0.188461
vt 0.554621 0.179652
vt 0.547557 0.190207
vt 0.535204 0.197238
vt 0.521096 0.197231
vt 0.227031 0.209517
vt 0.278253 0.209517
vt 0.227026 0.223505
vt 0.278249 0.223505
vt 0.105157 0.209517
vt 0.105152 0.223505
vt 0.227022 0.237926
vt 0.105150 0.236022
vt 0.264117 0.234695
vt 0.278255 0.237557
vt 0.618741 0.082312
vt 0.784692 0.067297
vt 0.784692 0.082312
vt 0.618741 0.067297
vt 0.618742 0.094460
vt 0.784692 0.094460
vt 0.784692 0.056108
vt 0.618742 0.056108
vt 0.839841 0.807537
vt 0.839798 0.965199
vt 0.826224 0.807528
vt 0.826180 0.965190
vt 0.854793 0.965191
vt 0.853391 0.807528
vt 0.013848 0.773437
vt 0.013848 0.615767
vt 0.000715 0.773438
vt 0.000715 0.615768
vt 0.027897 0.615768
vt 0.027897 0.773437
vt 0.926591 0.628168
vt 0.945743 0.633533
vt 0.945737 0.628209
vt 0.926517 0.551847
vt 0.938701 0.551873
vt 0.926596 0.633493
vt 0.924893 0.672537
vt 0.947521 0.672585
vt 0.952530 0.551847
vt 0.961216 0.633455
vt 0.959470 0.628127
vt 0.959475 0.633452
vt 0.966381 0.672459
vt 0.724295 0.288435
vt 0.725194 0.247010
vt 0.746066 0.247341
vt 0.743632 0.289062
vt 0.746066 0.178267
vt 0.725098 0.178267
vt 0.710851 0.178311
vt 0.711190 0.246995
vt 0.709966 0.288359
vt 0.699780 0.288439
vt 0.700352 0.247126
vt 0.699762 0.178381
vt 0.688094 0.288650
vt 0.686591 0.178506
vt 0.622772 0.286106
vt 0.626867 0.208585
vt 0.550072 0.252671
vt 0.550423 0.278489
vt 0.683119 0.789062
vt 0.750358 0.769176
vt 0.750358 0.789062
vt 0.683119 0.769176
vt 0.168097 0.412247
vt 0.100781 0.393322
vt 0.100781 0.412247
vt 0.168097 0.393322
vt 0.100781 0.377462
vt 0.073164 0.377462
vt 0.073164 0.393322
vt 0.043821 0.377462
vt 0.043821 0.393323
vt 0.017930 0.377462
vt 0.017930 0.393322
vt 0.009299 0.377462
vt 0.009299 0.393322
vt 0.168097 0.377462
vt 0.036916 0.400204
vt 0.076616 0.400204
vt 0.076616 0.413967
vt 0.067986 0.453535
vt 0.069712 0.426010
vt 0.059355 0.432890
vt 0.048999 0.432890
vt 0.024834 0.453535
vt 0.028286 0.455256
vt 0.040368 0.426010
vt 0.036916 0.413967
vt 0.043821 0.338778
vt 0.043821 0.349101
vt 0.073164 0.349101
vt 0.017930 0.338778
vt 0.017930 0.349101
vt 0.100781 0.338778
vt 0.073164 0.338778
vt 0.100781 0.349101
vt 0.100781 0.363699
vt 0.073164 0.363699
vt 0.043821 0.363699
vt 0.017930 0.363699
vt 0.009299 0.349101
vt 0.009299 0.363699
vt 0.168097 0.349101
vt 0.168097 0.363699
vt 0.954786 0.750710
vt 0.968821 0.713992
vt 0.943478 0.742578
vt 0.955326 0.710938
vt 0.939199 0.729128
vt 0.943454 0.716496
vt 0.977825 0.738877
vt 0.977825 0.724723
vt 0.969720 0.750299
vt 0.727245 0.797585
vt 0.731135 0.797585
vt 0.727245 0.817116
vt 0.731135 0.817116
vt 0.665951 0.817116
vt 0.665951 0.797585
vt 0.736355 0.797585
vt 0.736355 0.818892
vt 0.747496 0.797585
vt 0.747496 0.818892
vt 0.307361 0.085938
vt 0.305634 0.102983
vt 0.300454 0.096165
vt 0.291821 0.096165
vt 0.284915 0.085938
vt 0.271102 0.101278
vt 0.286641 0.102983
vt 0.279735 0.120028
vt 0.290094 0.111505
vt 0.312541 0.120028
vt 0.302181 0.111505
vt 0.321173 0.101278
vt 0.976395 0.453839
vt 0.976395 0.527693
vt 0.962315 0.527699
vt 0.960554 0.453846
vt 0.949474 0.527694
vt 0.949213 0.453835
vt 0.269671 0.065823
vt 0.428455 0.065406
vt 0.428469 0.051847
vt 0.269700 0.052369
vt 0.428469 0.078835
vt 0.269694 0.078783
vt 0.159696 0.330256
vt 0.159697 0.320416
vt 0.041670 0.330224
vt 0.041671 0.320384
vt 0.036481 0.330153
vt 0.036482 0.320312
vt 0.166667 0.320312
vt 0.166665 0.330153
vt 0.907725 0.243730
vt 0.935316 0.239541
vt 0.907800 0.238543
vt 0.935071 0.244025
vt 0.907744 0.249897
vt 0.940895 0.249329
vt 0.941197 0.236205
vt 0.956016 0.236390
vt 0.955956 0.247811
vt 0.974964 0.247954
vt 0.974964 0.236390
vt 0.974892 0.257812
vt 0.955884 0.257669
vt 0.956016 0.226562
vt 0.974964 0.226562
vt 0.908213 0.232479
vt 0.259657 0.993743
vt 0.324034 0.980824
vt 0.259657 0.980824
vt 0.324034 0.993743
vt 0.259657 0.997869
vt 0.324034 0.997869
vt 0.592990 0.077802
vt 0.599857 0.185369
vt 0.599857 0.077802
vt 0.592990 0.185369
vt 0.592990 0.068608
vt 0.599857 0.068608
vt 0.592990 0.058949
vt 0.601574 0.058949
vt 0.400538 0.469887
vt 0.392683 0.469807
vt 0.392819 0.449412
vt 0.400810 0.450053
vt 0.401288 0.439610
vt 0.393345 0.437187
vt 0.392846 0.485219
vt 0.400881 0.484674
vt 0.401288 0.495096
vt 0.393342 0.497474
vt 0.359893 0.449120
vt 0.359800 0.469815
vt 0.359881 0.485535
vt 0.360048 0.436790
vt 0.360034 0.497869
vt 0.973381 0.959527
vt 0.934461 0.972421
vt 0.934714 0.986597
vt 0.929438 0.986607
vt 0.929185 0.972431
vt 0.934722 0.988391
vt 0.973534 0.993608
vt 0.934784 0.959517
vt 0.929508 0.959527
vt 0.409986 0.123909
vt 0.439843 0.102983
vt 0.439914 0.123909
vt 0.409915 0.102983
vt 0.439837 0.141335
vt 0.409909 0.141335
vt 0.402795 0.123897
vt 0.402723 0.104714
vt 0.402718 0.139580
vt 0.903916 0.145096
vt 0.903939 0.131470
vt 0.829148 0.139854
vt 0.909156 0.131474
vt 0.909134 0.145104
vt 0.829156 0.127811
vt 0.829041 0.151278
vt 0.909152 0.115767
vt 0.903933 0.115768
vt 0.829156 0.115767
vt 0.954401 0.863296
vt 0.966457 0.863290
vt 0.954339 0.857799
vt 0.965480 0.942087
vt 0.966394 0.857794
vt 0.955301 0.942078
vt 0.967811 0.817472
vt 0.948970 0.817472
vt 0.940837 0.857931
vt 0.940900 0.863428
vt 0.941438 0.942242
vt 0.929185 0.817853
vt 0.930246 0.942472
vt 0.929346 0.863689
vt 0.929283 0.858192
vt 0.583182 0.086253
vt 0.556018 0.064262
vt 0.556773 0.083951
vt 0.584406 0.065523
vt 0.555132 0.098558
vt 0.580784 0.103040
vt 0.547866 0.065865
vt 0.550708 0.083911
vt 0.549020 0.098401
vt 0.577482 0.117293
vt 0.550018 0.110973
vt 0.455451 0.071525
vt 0.456770 0.090537
vt 0.457741 0.106239
vt 0.447717 0.106369
vt 0.445743 0.072688
vt 0.447115 0.091115
vt 0.455509 0.051847
vt 0.545172 0.051847
vt 0.439914 0.061192
vt 0.460534 0.121449
vt 0.773841 0.962358
vt 0.794694 0.962378
vt 0.773841 0.976542
vt 0.794694 0.976562
vt 0.811874 0.962366
vt 0.811874 0.976550
vt 0.744635 0.976562
vt 0.744635 0.962378
vt 0.970672 0.915483
vt 0.974167 0.953835
vt 0.983649 0.915701
vt 0.995578 0.953794
vt 0.999285 0.915483
vt 0.624429 0.121837
vt 0.624432 0.141789
vt 0.604438 0.141789
vt 0.604435 0.121838
vt 0.604470 0.156960
vt 0.624463 0.156960
vt 0.624463 0.105824
vt 0.604470 0.105824
vt 0.389843 0.047585
vt 0.389851 0.030383
vt 0.409871 0.030383
vt 0.409862 0.047585
vt 0.409862 0.012074
vt 0.389843 0.012074
vt 0.063980 0.050426
vt 0.063980 0.030567
vt 0.046495 0.050398
vt 0.046496 0.030540
vt 0.082361 0.030568
vt 0.082360 0.050426
vt 0.097997 0.030540
vt 0.097997 0.050398
vt 0.633041 0.180762
vt 0.633047 0.198153
vt 0.613025 0.198153
vt 0.613019 0.180762
vt 0.633047 0.164062
vt 0.613025 0.164063
vt 0.854857 0.305192
vt 0.868974 0.325935
vt 0.854903 0.325965
vt 0.868928 0.305162
vt 0.869012 0.343011
vt 0.854940 0.343040
vt 0.854793 0.276166
vt 0.868863 0.276137
vt 0.877767 0.325633
vt 0.870306 0.325679
vt 0.873838 0.276118
vt 0.888948 0.276049
vt 0.888896 0.325531
vt 0.873787 0.158391
vt 0.888906 0.158385
vt 0.856477 0.158398
vt 0.856528 0.276125
vt 0.903434 0.276110
vt 0.903400 0.158381
vt 0.903400 0.325658
vt 0.340619 0.047585
vt 0.340619 0.026278
vt 0.351690 0.026278
vt 0.351690 0.047585
vt 0.331974 0.047585
vt 0.331974 0.028054
vt 0.328515 0.047585
vt 0.328515 0.028054
vt 0.365522 0.026278
vt 0.365522 0.047585
vt 0.259657 0.047585
vt 0.259657 0.028054
vt 0.013591 0.033381
vt 0.013940 0.019615
vt 0.055627 0.022142
vt 0.055837 0.009233
vt 0.125179 0.010660
vt 0.124968 0.023569
vt 0.014094 0.009233
vt 0.366953 0.291903
vt 0.384120 0.274858
vt 0.366953 0.274858
vt 0.384120 0.291903
vt 0.758941 0.492188
vt 0.776109 0.492188
vt 0.776109 0.509233
vt 0.758941 0.509233
vt 0.265091 0.141686
vt 0.256451 0.130528
vt 0.253304 0.131887
vt 0.262630 0.144609
vt 0.273044 0.151278
vt 0.273244 0.147470
vt 0.286118 0.151215
vt 0.284745 0.148086
vt 0.250386 0.099649
vt 0.248212 0.111754
vt 0.252045 0.111960
vt 0.253332 0.102098
vt 0.259341 0.090199
vt 0.344714 0.122152
vt 0.346087 0.125281
vt 0.409871 0.090199
vt 0.545780 0.510653
vt 0.520029 0.503077
vt 0.545780 0.503077
vt 0.520029 0.499290
vt 0.545780 0.499290
vt 0.520029 0.510653
vt 0.555794 0.027849
vt 0.555794 0.013456
vt 0.535768 0.027849
vt 0.535768 0.013456
vt 0.555791 0.002131
vt 0.535765 0.002131
vt 0.535765 0.040483
vt 0.555791 0.040483
vt 0.175250 0.414118
vt 0.195277 0.414118
vt 0.195279 0.401278
vt 0.175252 0.401278
vt 0.175252 0.428267
vt 0.195279 0.428267
vt 0.265984 0.824583
vt 0.251073 0.824574
vt 0.251073 0.843030
vt 0.265984 0.843040
vt 0.279685 0.824574
vt 0.279685 0.843030
vt 0.766104 0.390516
vt 0.766095 0.375710
vt 0.784683 0.375710
vt 0.784692 0.390515
vt 0.766094 0.404119
vt 0.784683 0.404119
vt 0.943491 0.700284
vt 0.953791 0.687855
vt 0.953791 0.696733
vt 0.957225 0.700284
vt 0.960658 0.703835
vt 0.943491 0.682528
vt 0.957225 0.682528
vt 0.178112 0.138494
vt 0.195279 0.138494
vt 0.178112 0.151278
vt 0.195279 0.151278
vt 0.803285 0.628551
vt 0.803290 0.618314
vt 0.783262 0.628551
vt 0.783267 0.618314
vt 0.803286 0.607244
vt 0.783262 0.607244
vt 0.796837 0.498602
vt 0.810613 0.495028
vt 0.797939 0.507812
vt 0.788984 0.495028
vt 0.813920 0.501077
vt 0.826180 0.498327
vt 0.937768 0.135653
vt 0.954936 0.135653
vt 0.937768 0.145597
vt 0.954936 0.145597
vt 0.020757 0.540982
vt 0.039329 0.531960
vt 0.039342 0.540982
vt 0.020745 0.531960
vt 0.020744 0.549006
vt 0.039328 0.549006
vt 0.999285 0.164062
vt 0.993511 0.200994
vt 0.991927 0.169628
vt 0.999285 0.200737
vt 0.985682 0.192607
vt 0.984979 0.178666
vt 0.024549 0.333097
vt 0.005007 0.332770
vt 0.021075 0.323421
vt 0.005086 0.323153
vt 0.032189 0.323153
vt 0.441345 0.851563
vt 0.459943 0.843040
vt 0.459943 0.851563
vt 0.441345 0.843040
vt 0.441345 0.860085
vt 0.459943 0.860085
vt 0.790416 0.486506
vt 0.803515 0.474877
vt 0.790416 0.477613
vt 0.809031 0.483085
vt 0.773525 0.481377
vt 0.778351 0.475220
vt 0.761804 0.468382
vt 0.769733 0.464620
vt 0.810754 0.465644
vt 0.819027 0.469065
vt 0.811789 0.451623
vt 0.761803 0.450600
vt 0.770422 0.452309
vt 0.772144 0.434869
vt 0.777660 0.443075
vt 0.789035 0.431108
vt 0.789036 0.439997
vt 0.807651 0.436578
vt 0.819027 0.451282
vt 0.804549 0.443074
vt 0.982562 0.101531
vt 0.984169 0.087373
vt 0.977825 0.093440
vt 0.979752 0.107132
vt 0.987541 0.111333
vt 0.993562 0.115767
vt 0.984972 0.080293
vt 0.993562 0.077415
vt 0.571301 0.607123
vt 0.559036 0.606066
vt 0.560046 0.611506
vt 0.573052 0.607274
vt 0.581545 0.597301
vt 0.505722 0.597301
vt 0.527182 0.857244
vt 0.540057 0.848722
vt 0.527182 0.848722
vt 0.540057 0.857244
vt 0.036972 0.652976
vt 0.035264 0.672897
vt 0.036801 0.658519
vt 0.032189 0.666141
vt 0.036118 0.680692
vt 0.043634 0.685369
vt 0.043634 0.649858
vt 0.207368 0.776278
vt 0.209121 0.772855
vt 0.196710 0.772017
vt 0.263949 0.772017
vt 0.020744 0.498578
vt 0.032404 0.510854
vt 0.029932 0.498575
vt 0.026042 0.515769
vt 0.024277 0.479634
vt 0.032758 0.485243
vt 0.038760 0.469460
vt 0.042295 0.477877
vt 0.057129 0.469460
vt 0.055012 0.477175
vt 0.072318 0.481038
vt 0.043001 0.517871
vt 0.039465 0.527698
vt 0.056070 0.518924
vt 0.057833 0.527699
vt 0.065609 0.511557
vt 0.074083 0.517174
vt 0.068788 0.499980
vt 0.077969 0.499983
vt 0.065609 0.484192
vt 0.013591 0.445461
vt 0.002146 0.455793
vt 0.012060 0.465816
vt 0.004280 0.445312
vt 0.004611 0.465697
vt 0.013591 0.472301
vt 0.006142 0.472182
vt 0.807685 0.397482
vt 0.829377 0.393179
vt 0.830324 0.396589
vt 0.798010 0.405540
vt 0.793276 0.388494
vt 0.843831 0.388494
vt 0.844778 0.391904
vt 0.047868 0.558908
vt 0.026238 0.553474
vt 0.026168 0.558617
vt 0.059371 0.553752
vt 0.059390 0.570896
vt 0.010730 0.558410
vt 0.010799 0.553267
vt 0.066649 0.553744
vt 0.066721 0.617179
vt 0.059423 0.600042
vt 0.059442 0.617188
vt 0.081379 0.617163
vt 0.081308 0.553727
vt 0.491416 0.616703
vt 0.491345 0.553267
vt 0.240650 0.115158
vt 0.242489 0.101089
vt 0.240650 0.101089
vt 0.242489 0.115158
vt 0.229614 0.125710
vt 0.231453 0.088778
vt 0.229614 0.088778
vt 0.603974 0.514915
vt 0.622580 0.508424
vt 0.603783 0.510971
vt 0.624485 0.512280
vt 0.588257 0.510188
vt 0.586736 0.514220
vt 0.637339 0.500710
vt 0.574392 0.503880
vt 0.578518 0.500710
vt 0.476538 0.000710
vt 0.497139 0.000710
vt 0.476538 0.003551
vt 0.462804 0.000710
vt 0.656766 0.578835
vt 0.653758 0.578909
vt 0.654585 0.594289
vt 0.656979 0.594256
vt 0.775840 0.592758
vt 0.775676 0.578909
vt 0.776109 0.606170
vt 0.657280 0.608665
vt 0.607296 0.608505
vt 0.966381 0.003551
vt 0.971833 0.000710
vt 0.983548 0.003551
vt 0.701717 0.612926
vt 0.768956 0.612926
vt 0.754389 0.624290
vt 0.478541 0.166903
vt 0.478541 0.218040
vt 0.468050 0.183446
vt 0.464235 0.170278
vt 0.496051 0.697158
vt 0.098233 0.714401
vt 0.496056 0.714283
vt 0.496059 0.722847
vt 0.086219 0.707359
vt 0.079362 0.698794
vt 0.499489 0.727983
vt 0.499480 0.697157
vt 0.804721 0.727893
vt 0.804712 0.697066
vt 0.691534 0.678251
vt 0.072504 0.690230
vt 0.496049 0.678242
vt 0.086222 0.678242
vt 0.060501 0.678242
vt 0.496049 0.626865
vt 0.086222 0.626865
vt 0.086222 0.621449
vt 0.496049 0.621449
vt 0.499702 0.623257
vt 0.691531 0.666263
vt 0.804706 0.666240
vt 0.691529 0.655988
vt 0.691526 0.637149
vt 0.804700 0.637126
vt 0.514904 0.625196
vt 0.502902 0.633761
vt 0.499609 0.678344
vt 0.075933 0.630290
vt 0.075640 0.700739
vt 0.060501 0.662829
vt 0.055079 0.678242
vt 0.096499 0.718223
vt 0.070789 0.635427
vt 0.055079 0.662777
vt 0.068560 0.692333
vt 0.072405 0.626440
vt 0.106791 0.723061
vt 0.502917 0.647482
vt 0.084284 0.711080
vt 0.067052 0.631702
vt 0.099943 0.434645
vt 0.100858 0.477983
vt 0.096672 0.477714
vt 0.092275 0.446270
vt 0.096011 0.432450
vt 0.100858 0.422585
vt 0.866237 0.868608
vt 0.866237 0.884233
vt 0.861946 0.882327
vt 0.644364 0.804222
vt 0.652990 0.804167
vt 0.644243 0.785204
vt 0.652869 0.785149
vt 0.653076 0.817669
vt 0.644364 0.818892
vt 0.618487 0.804222
vt 0.618487 0.818892
vt 0.589160 0.804222
vt 0.589160 0.818892
vt 0.561558 0.804222
vt 0.561558 0.795577
vt 0.561558 0.818892
vt 0.618487 0.795577
vt 0.494278 0.804222
vt 0.494278 0.818892
vt 0.589160 0.795577
vt 0.589160 0.790110
vt 0.561558 0.790110
vt 0.561558 0.776278
vt 0.589160 0.776278
vt 0.618487 0.790110
vt 0.618487 0.776278
vt 0.936070 0.513494
vt 0.944921 0.487926
vt 0.936070 0.487926
vt 0.930472 0.513494
vt 0.930472 0.487926
vt 0.916309 0.513494
vt 0.916309 0.487926
vt 0.188783 0.078835
vt 0.209488 0.077654
vt 0.209585 0.068768
vt 0.159511 0.078417
vt 0.159595 0.072010
vt 0.159613 0.057682
vt 0.209553 0.057528
vt 0.040790 0.057528
vt 0.040773 0.071857
vt 0.768956 0.985085
vt 0.768956 0.997869
vt 0.887697 0.997869
vt 0.887697 0.985085
vt 0.917740 0.370653
vt 0.922890 0.324746
vt 0.917740 0.324746
vt 0.928040 0.311144
vt 0.921173 0.309444
vt 0.934907 0.295842
vt 0.924607 0.292442
vt 0.926323 0.283941
vt 0.952074 0.282240
vt 0.952074 0.297543
vt 0.969242 0.280540
vt 0.964092 0.307744
vt 0.969242 0.321346
vt 0.922890 0.368953
vt 0.921173 0.385955
vt 0.926323 0.382555
vt 0.928040 0.392756
vt 0.929757 0.385955
vt 0.926323 0.713154
vt 0.934907 0.701252
vt 0.929756 0.697852
vt 0.938341 0.697852
vt 0.936624 0.691051
vt 0.931473 0.714854
vt 0.926323 0.759061
vt 0.931473 0.759061
vt 0.929756 0.774362
vt 0.936624 0.772663
vt 0.933190 0.791365
vt 0.943491 0.787964
vt 0.934907 0.799866
vt 0.960658 0.801567
vt 0.960658 0.786264
vt 0.977825 0.803267
vt 0.972675 0.776063
vt 0.977825 0.762461
vt 0.441345 0.318892
vt 0.467096 0.318892
vt 0.467096 0.360085
vt 0.441345 0.360085
vt 0.916416 0.040483
vt 0.869873 0.014915
vt 0.869873 0.040483
vt 0.916416 0.014915
vt 0.853980 0.014915
vt 0.853980 0.040483
vt 0.836401 0.014915
vt 0.836401 0.040483
vt 0.827611 0.014915
vt 0.827611 0.040483
vt 0.932308 0.040483
vt 0.932308 0.014915
vt 0.942060 0.040483
vt 0.942060 0.014915
vt 0.035050 0.123775
vt 0.009299 0.123774
vt 0.009299 0.079152
vt 0.035050 0.079152
vt 0.035050 0.137927
vt 0.009299 0.137927
vt 0.009299 0.064488
vt 0.035050 0.064488
vt 0.009299 0.047585
vt 0.035050 0.047585
vt 0.035050 0.142781
vt 0.009299 0.142781
vt 0.009299 0.149858
vt 0.035050 0.149858
vt 0.683119 0.002131
vt 0.683120 0.028524
vt 0.708870 0.028524
vt 0.708868 0.002131
vt 0.683119 0.046165
vt 0.708868 0.046165
vt 0.967806 0.077401
vt 0.940629 0.077401
vt 0.940630 0.094131
vt 0.967807 0.094131
vt 0.940635 0.107244
vt 0.967811 0.107244
vt 0.967811 0.061790
vt 0.940635 0.061790
vt 0.997224 0.317472
vt 0.999285 0.314222
vt 0.993021 0.306747
vt 0.985767 0.309509
vt 0.990548 0.296185
vt 0.979998 0.296915
vt 0.993103 0.287816
vt 0.979256 0.286516
vt 0.999285 0.278066
vt 0.980245 0.276278
vt 0.997224 0.648438
vt 0.985767 0.656400
vt 0.999285 0.651687
vt 0.993021 0.659162
vt 0.979998 0.668994
vt 0.990548 0.669724
vt 0.979256 0.679394
vt 0.993103 0.678093
vt 0.980245 0.689631
vt 0.999285 0.687843
vt 0.997854 0.137074
vt 0.997854 0.156960
vt 0.983548 0.137074
vt 0.983548 0.156960
vt 0.542838 0.275602
vt 0.527182 0.261058
vt 0.542832 0.261062
vt 0.527187 0.275598
vt 0.527217 0.250517
vt 0.542867 0.250520
vt 0.527268 0.240767
vt 0.542918 0.240771
vt 0.542918 0.287642
vt 0.527268 0.287638
vt 0.983558 0.468821
vt 0.999249 0.457138
vt 0.983548 0.457143
vt 0.999259 0.468817
vt 0.983584 0.477471
vt 0.999285 0.477467
vt 0.999259 0.448269
vt 0.983558 0.448274
vt 0.999276 0.480820
vt 0.983575 0.480824
vt 0.999285 0.438210
vt 0.983584 0.438215
vt 0.165236 0.823153
vt 0.203435 0.820312
vt 0.190813 0.841201
vt 0.223579 0.843040
vt 0.239628 0.820312
vt 0.444634 0.789062
vt 0.482833 0.791903
vt 0.408441 0.789062
vt 0.457255 0.809951
vt 0.424490 0.811790
vt 0.773248 0.203835
vt 0.755071 0.229231
vt 0.776109 0.241763
vt 0.753219 0.261764
vt 0.776109 0.277699
vt 0.085122 0.196733
vt 0.036307 0.217622
vt 0.010730 0.199573
vt 0.048929 0.196733
vt 0.069072 0.219460
vt 0.549559 0.781960
vt 0.554309 0.783136
vt 0.555794 0.792246
vt 0.544214 0.783136
vt 0.540057 0.789602
vt 0.542136 0.796361
vt 0.553122 0.797830
vt 0.547778 0.799006
vt 0.008773 0.226141
vt 0.007189 0.229328
vt 0.015534 0.232825
vt 0.015540 0.227901
vt 0.006299 0.237140
vt 0.014085 0.239347
vt 0.002146 0.229530
vt 0.020165 0.235512
vt 0.022175 0.229519
vt 0.004030 0.223333
vt 0.008591 0.219460
vt 0.018505 0.223333
vt 0.145207 0.309292
vt 0.146693 0.300181
vt 0.151443 0.299006
vt 0.156788 0.300181
vt 0.160944 0.306647
vt 0.158866 0.313407
vt 0.147879 0.314876
vt 0.153224 0.316051
vt 0.619268 0.585516
vt 0.612506 0.592200
vt 0.620851 0.588703
vt 0.612500 0.587276
vt 0.621741 0.596515
vt 0.613955 0.598722
vt 0.625894 0.588905
vt 0.607875 0.594887
vt 0.605866 0.588894
vt 0.624010 0.582708
vt 0.619449 0.578835
vt 0.609535 0.582708
vt 0.414463 0.848771
vt 0.426462 0.855824
vt 0.430662 0.852297
vt 0.432761 0.845538
vt 0.414163 0.842600
vt 0.418363 0.839073
vt 0.424662 0.838778
vt 0.430662 0.842305
vt 0.417163 0.854355
vt 0.116194 0.042532
vt 0.121493 0.037674
vt 0.115989 0.035994
vt 0.119715 0.043076
vt 0.112313 0.040324
vt 0.111664 0.048184
vt 0.108088 0.043348
vt 0.121532 0.049006
vt 0.126100 0.044092
vt 0.128040 0.037600
vt 0.124674 0.032640
vt 0.118234 0.030540
vt 0.111134 0.032640
vt 0.108011 0.035640
vt 0.996423 0.706815
vt 0.993464 0.702242
vt 0.979938 0.705568
vt 0.996423 0.713882
vt 0.977825 0.711388
vt 0.980785 0.715961
vt 0.986702 0.718040
vt 0.993465 0.716377
vt 0.984166 0.700994
vt 0.991292 0.245990
vt 0.984717 0.245852
vt 0.986461 0.251305
vt 0.991874 0.249484
vt 0.989035 0.242155
vt 0.996930 0.241431
vt 0.992033 0.237926
vt 0.997854 0.251231
vt 0.992959 0.255820
vt 0.986452 0.257812
vt 0.981431 0.254516
vt 0.979256 0.248137
vt 0.981297 0.241059
vt 0.984282 0.237926
vt 0.688841 0.627919
vt 0.688841 0.617503
vt 0.683596 0.615767
vt 0.674853 0.617503
vt 0.683596 0.631392
vt 0.676602 0.629656
vt 0.673104 0.622711
vt 0.938307 0.467757
vt 0.930988 0.477481
vt 0.931463 0.467931
vt 0.938538 0.474480
vt 0.926323 0.469763
vt 0.938981 0.479403
vt 0.928481 0.463424
vt 0.938606 0.460938
vt 0.944921 0.463371
vt 0.944921 0.475258
vt 0.514783 0.799006
vt 0.520029 0.797269
vt 0.520029 0.786853
vt 0.506041 0.797269
vt 0.514783 0.783381
vt 0.507789 0.785117
vt 0.504292 0.792061
vt 0.062771 0.718323
vt 0.055926 0.718148
vt 0.055452 0.708599
vt 0.063002 0.711600
vt 0.050787 0.716317
vt 0.063445 0.706676
vt 0.052945 0.722655
vt 0.063070 0.725142
vt 0.069385 0.722709
vt 0.069385 0.710821
vt 0.292084 0.284801
vt 0.286362 0.293324
vt 0.292084 0.293324
vt 0.293991 0.289915
vt 0.286362 0.284801
vt 0.282546 0.289915
vt 0.523843 0.999290
vt 0.523843 0.990767
vt 0.525751 0.995881
vt 0.518121 0.990767
vt 0.518121 0.999290
vt 0.514306 0.995881
vt 0.047927 0.835938
vt 0.047926 0.829471
vt 0.158081 0.829471
vt 0.158083 0.835938
vt 0.158083 0.824574
vt 0.047928 0.824574
vt 0.461373 0.737552
vt 0.568668 0.737552
vt 0.461374 0.743608
vt 0.568669 0.743608
vt 0.568670 0.733665
vt 0.461375 0.733665
vt 0.272532 0.015437
vt 0.379828 0.015437
vt 0.272532 0.020597
vt 0.379828 0.020597
vt 0.379828 0.010653
vt 0.272532 0.010653
vt 0.982117 0.511127
vt 0.984056 0.505175
vt 0.991809 0.503551
vt 0.989870 0.520597
vt 0.996239 0.520056
vt 0.999285 0.515456
vt 0.998731 0.509233
vt 0.995409 0.505175
vt 0.983778 0.518703
vt 0.908136 0.645285
vt 0.908956 0.648892
vt 0.914123 0.642406
vt 0.914684 0.648439
vt 0.909635 0.641872
vt 0.904270 0.637609
vt 0.902003 0.644580
vt 0.904104 0.653090
vt 0.912586 0.635653
vt 0.916598 0.637609
vt 0.920105 0.642392
vt 0.920601 0.649510
vt 0.910462 0.655540
vt 0.917258 0.654791
vt 0.481402 0.279120
vt 0.481402 0.271003
vt 0.475940 0.267756
vt 0.465016 0.273437
vt 0.464235 0.279931
vt 0.468136 0.283989
vt 0.474379 0.284801
vt 0.479061 0.282367
vt 0.468137 0.267756
vt 0.451089 0.740078
vt 0.444479 0.738736
vt 0.451038 0.743545
vt 0.445204 0.744362
vt 0.448860 0.737285
vt 0.453322 0.732244
vt 0.457082 0.738119
vt 0.456794 0.746335
vt 0.444576 0.732244
vt 0.440976 0.734890
vt 0.438484 0.740007
vt 0.439507 0.746609
vt 0.450949 0.749935
vt 0.443982 0.750710
vt 0.505723 0.861506
vt 0.513488 0.860316
vt 0.515737 0.854569
vt 0.500204 0.856947
vt 0.500000 0.850803
vt 0.506131 0.844460
vt 0.513488 0.845650
vt 0.515532 0.848425
vt 0.585113 0.204411
vt 0.586366 0.210183
vt 0.592403 0.204464
vt 0.588737 0.201032
vt 0.578684 0.207037
vt 0.581248 0.198589
vt 0.588507 0.196733
vt 0.598712 0.201684
vt 0.595846 0.198589
vt 0.598620 0.209923
vt 0.590277 0.215199
vt 0.583109 0.213902
vt 0.241059 0.075994
vt 0.239738 0.069907
vt 0.231815 0.067472
vt 0.225212 0.071124
vt 0.223891 0.077211
vt 0.229173 0.084517
vt 0.237096 0.084517
vt 0.239738 0.082082
vt 0.031482 0.829411
vt 0.024192 0.829464
vt 0.030229 0.835183
vt 0.027858 0.826032
vt 0.037911 0.832037
vt 0.035347 0.823589
vt 0.028088 0.821733
vt 0.017883 0.826684
vt 0.020749 0.823589
vt 0.017976 0.834923
vt 0.026318 0.840199
vt 0.033486 0.838902
vt 0.587983 0.608949
vt 0.598712 0.619176
vt 0.598712 0.610653
vt 0.593348 0.607244
vt 0.593348 0.622585
vt 0.584406 0.614063
vt 0.584406 0.620881
vt 0.587983 0.624290
vt 0.364739 0.137605
vt 0.369305 0.135999
vt 0.369117 0.130921
vt 0.363165 0.133202
vt 0.373616 0.141023
vt 0.364719 0.144176
vt 0.375536 0.134398
vt 0.374999 0.128145
vt 0.358912 0.140331
vt 0.369764 0.125710
vt 0.362454 0.128145
vt 0.358369 0.133932
vt 0.990701 0.614449
vt 0.970672 0.614347
vt 0.970672 0.644074
vt 0.990701 0.644176
vt 0.540113 0.235085
vt 0.568670 0.216665
vt 0.540057 0.216619
vt 0.568670 0.235039
vt 0.435622 0.999290
vt 0.435930 0.993608
vt 0.463615 0.999178
vt 0.465665 0.993608
vt 0.178229 0.200994
vt 0.160006 0.200844
vt 0.159514 0.195312
vt 0.179542 0.195312
vt 0.601574 0.858192
vt 0.621602 0.860085
vt 0.621602 0.854403
vt 0.603395 0.854403
vt 0.992132 0.399858
vt 0.988025 0.429688
vt 0.986409 0.401898
vt 0.992132 0.429479
vt 0.920601 0.583949
vt 0.912017 0.583949
vt 0.920601 0.561790
vt 0.903434 0.561790
vt 0.913734 0.595881
vt 0.918884 0.595881
vt 0.859084 0.919744
vt 0.876252 0.919744
vt 0.867669 0.941903
vt 0.859084 0.941903
vt 0.865952 0.953835
vt 0.860801 0.953835
vt 0.949213 0.264915
vt 0.940409 0.275873
vt 0.949213 0.277699
vt 0.926323 0.264915
vt 0.542918 0.134233
vt 0.565808 0.134233
vt 0.557004 0.123275
vt 0.565808 0.121449
vt 0.329306 0.264922
vt 0.329306 0.294744
vt 0.354077 0.294739
vt 0.354077 0.264917
vt 0.316881 0.264915
vt 0.316881 0.294737
vt 0.953515 0.015702
vt 0.970781 0.015672
vt 0.977427 0.010653
vt 0.977422 0.026082
vt 0.971232 0.026101
vt 0.946803 0.010653
vt 0.946838 0.026140
vt 0.953029 0.026167
vt 0.953369 0.044923
vt 0.971033 0.025555
vt 0.953240 0.025549
vt 0.970841 0.044919
vt 0.953578 0.057528
vt 0.946352 0.057327
vt 0.946723 0.045052
vt 0.977487 0.045055
vt 0.970620 0.057482
vt 0.977825 0.057298
vt 0.814735 0.144092
vt 0.820458 0.166903
vt 0.820458 0.137074
vt 0.814735 0.159885
vt 0.814735 0.166903
vt 0.814735 0.137074
vt 0.990701 0.756392
vt 0.990701 0.781960
vt 0.996423 0.781960
vt 0.996423 0.756392
vt 0.993562 0.561790
vt 0.993562 0.536222
vt 0.959227 0.536222
vt 0.959227 0.561790
vt 0.504292 0.361506
vt 0.538627 0.355824
vt 0.504292 0.355824
vt 0.538627 0.361506
vt 0.997854 0.595881
vt 0.997854 0.570312
vt 0.963519 0.595881
vt 0.963519 0.570312
vt 0.283977 0.006392
vt 0.283977 0.000710
vt 0.249642 0.006392
vt 0.249642 0.000710
vt 0.618741 0.828835
vt 0.618741 0.823153
vt 0.644492 0.828835
vt 0.644492 0.823153
vt 0.783262 0.583039
vt 0.785203 0.576017
vt 0.789302 0.572287
vt 0.785203 0.590279
vt 0.790381 0.595326
vt 0.796421 0.570312
vt 0.803325 0.572287
vt 0.797284 0.597301
vt 0.808502 0.577334
vt 0.804403 0.595326
vt 0.810443 0.584575
vt 0.809364 0.590060
vt 0.778970 0.186848
vt 0.772929 0.197599
vt 0.765811 0.199574
vt 0.777029 0.179607
vt 0.758907 0.197599
vt 0.771851 0.174560
vt 0.753730 0.192552
vt 0.764948 0.172585
vt 0.751788 0.185311
vt 0.757829 0.174560
vt 0.753730 0.178290
vt 0.777892 0.192333
vt 0.986409 0.747869
vt 0.997854 0.740767
vt 0.997854 0.747869
vt 0.986409 0.740767
vt 0.997854 0.733665
vt 0.986409 0.733665
vt 0.472933 0.852983
vt 0.479971 0.841619
vt 0.472933 0.841621
vt 0.479971 0.852982
vt 0.465665 0.852982
vt 0.465665 0.841619
vt 0.794473 0.414062
vt 0.794473 0.425423
vt 0.802232 0.414063
vt 0.802232 0.425423
vt 0.809013 0.414066
vt 0.809013 0.425426
vt 0.787554 0.425426
vt 0.787554 0.414066
vt 0.919170 0.987927
vt 0.919170 0.999284
vt 0.911713 0.987933
vt 0.911713 0.999290
vt 0.906295 0.987926
vt 0.906295 0.999283
vt 0.045057 0.614975
vt 0.033619 0.622816
vt 0.033620 0.614975
vt 0.045056 0.622816
vt 0.033628 0.629972
vt 0.045064 0.629971
vt 0.045064 0.610085
vt 0.033628 0.610085
s 0
usemtl Material
f 21/34 8/33 25/27
f 21/56 22/54 8/53
f 21/21 25/25 20/20
f 21/21 20/20 15/15
f 21/21 15/15 22/22
f 8/33 9/30 25/27
f 8/8 1/1 9/9
f 8/8 7/7 1/1
f 8/53 22/54 7/55
f 25/27 9/30 11/28
f 25/25 24/24 20/20
f 25/27 11/28 24/29
f 9/9 1/1 3/3
f 9/9 3/3 11/11
f 20/20 16/16 15/15
f 20/20 24/24 16/16
f 1/1 7/7 6/6
f 1/1 6/6 2/2
f 1/1 2/2 3/3
f 22/42 14/35 7/43
f 22/22 15/15 26/26
f 22/42 26/38 14/35
f 7/7 14/14 6/6
f 15/15 17/17 26/26
f 15/15 16/16 17/17
f 6/6 14/14 13/13
f 6/6 13/13 2/2
f 26/38 27/36 14/35
f 26/38 17/41 27/36
f 14/35 27/36 13/37
f 24/29 11/28 23/31
f 24/24 23/23 16/16
f 11/11 3/3 4/4
f 11/28 12/32 23/31
f 11/11 4/4 12/12
f 16/16 18/18 17/17
f 16/16 23/23 19/19
f 16/16 19/19 18/18
f 3/3 2/2 4/4
f 17/41 18/44 27/36
f 2/2 13/13 10/10
f 2/2 5/5 4/4
f 2/2 10/10 5/5
f 27/36 10/39 13/37
f 27/36 18/44 28/40
f 27/36 28/40 10/39
f 5/49 10/50 28/48
f 4/45 5/49 28/48
f 4/45 28/48 18/46
f 4/45 18/46 19/47
f 4/45 19/47 23/51
f 12/52 4/45 23/51
f 29/57 30/58 31/59
f 31/59 32/60 33/61
f 31/59 30/58 32/60
f 33/61 78/106 34/62
f 33/61 32/60 78/106
f 34/62 67/95 35/63
f 34/62 78/106 67/95
f 35/63 66/94 65/93
f 35/63 67/95 66/94
f 65/93 62/90 64/92
f 65/93 66/94 62/90
f 64/92 63/91 37/65
f 64/92 62/90 63/91
f 37/65 38/66 36/64
f 37/65 63/91 38/66
f 36/64 38/66 39/67
f 30/58 77/105 32/60
f 32/60 76/104 78/106
f 32/60 77/105 76/104
f 78/106 69/97 67/95
f 78/106 76/104 69/97
f 67/95 68/96 66/94
f 67/95 69/97 68/96
f 66/94 60/88 62/90
f 66/94 68/96 60/88
f 62/90 61/89 63/91
f 62/90 60/88 61/89
f 63/91 79/107 38/66
f 63/91 61/89 79/107
f 38/66 47/75 39/67
f 38/66 79/107 47/75
f 39/67 47/75 45/73
f 77/105 75/103 76/104
f 76/104 71/99 69/97
f 76/104 75/103 71/99
f 69/97 70/98 68/96
f 69/97 71/99 70/98
f 68/96 58/86 60/88
f 68/96 70/98 58/86
f 60/88 59/87 61/89
f 60/88 58/86 59/87
f 61/89 80/108 79/107
f 61/89 59/87 80/108
f 79/107 48/76 47/75
f 79/107 80/108 48/76
f 47/75 46/74 45/73
f 47/75 48/76 46/74
f 45/73 46/74 44/72
f 75/103 73/101 71/99
f 71/99 72/100 70/98
f 71/99 73/101 72/100
f 70/98 56/84 58/86
f 70/98 72/100 56/84
f 58/86 57/85 59/87
f 58/86 56/84 57/85
f 59/87 82/110 80/108
f 59/87 57/85 82/110
f 80/108 81/109 48/76
f 80/108 82/110 81/109
f 48/76 49/77 46/74
f 48/76 81/109 49/77
f 46/74 43/71 44/72
f 46/74 49/77 43/71
f 44/72 43/71 40/68
f 73/101 74/102 72/100
f 72/100 55/83 56/84
f 72/100 74/102 55/83
f 56/84 54/82 57/85
f 56/84 55/83 54/82
f 57/85 53/81 82/110
f 57/85 54/82 53/81
f 82/110 52/80 81/109
f 82/110 53/81 52/80
f 81/109 51/79 49/77
f 81/109 52/80 51/79
f 49/77 50/78 43/71
f 49/77 51/79 50/78
f 43/71 42/70 40/68
f 43/71 50/78 42/70
f 40/68 42/70 41/69
f 31/59 33/61 34/62
f 35/63 65/93 64/92
f 31/59 34/62 35/63
f 35/63 64/92 37/65
f 42/70 50/78 51/79
f 35/63 37/65 36/64
f 45/73 44/72 40/68
f 42/70 51/79 52/80
f 39/67 45/73 40/68
f 36/64 39/67 40/68
f 31/59 35/63 36/64
f 42/70 52/80 53/81
f 77/105 30/58 29/57
f 74/102 73/101 75/103
f 42/70 53/81 54/82
f 42/70 54/82 55/83
f 75/103 77/105 29/57
f 36/64 40/68 41/69
f 41/111 42/112 55/113
f 83/114 84/115 85/116
f 84/115 117/148 116/147
f 84/115 116/147 85/116
f 117/148 118/149 115/146
f 117/148 115/146 116/147
f 118/149 119/150 114/145
f 118/149 114/145 115/146
f 119/150 123/154 124/155
f 119/150 124/155 114/145
f 123/154 122/153 125/156
f 123/154 125/156 124/155
f 122/153 121/152 128/159
f 122/153 128/159 125/156
f 121/152 120/151 130/161
f 121/152 130/161 128/159
f 120/151 132/163 130/161
f 85/116 116/147 86/117
f 116/147 115/146 88/119
f 116/147 88/119 86/117
f 115/146 114/145 113/144
f 115/146 113/144 88/119
f 114/145 124/155 112/143
f 114/145 112/143 113/144
f 124/155 125/156 126/157
f 124/155 126/157 112/143
f 125/156 128/159 127/158
f 125/156 127/158 126/157
f 128/159 130/161 129/160
f 128/159 129/160 127/158
f 130/161 132/163 131/162
f 130/161 131/162 129/160
f 132/163 133/164 131/162
f 86/117 88/119 87/118
f 88/119 113/144 89/120
f 88/119 89/120 87/118
f 113/144 112/143 111/142
f 113/144 111/142 89/120
f 112/143 126/157 110/141
f 112/143 110/141 111/142
f 126/157 127/158 108/139
f 126/157 108/139 110/141
f 127/158 129/160 106/137
f 127/158 106/137 108/139
f 129/160 131/162 104/135
f 129/160 104/135 106/137
f 131/162 133/164 103/134
f 131/162 103/134 104/135
f 133/164 134/165 103/134
f 87/118 89/120 90/121
f 89/120 111/142 92/123
f 89/120 92/123 90/121
f 111/142 110/141 94/125
f 111/142 94/125 92/123
f 110/141 108/139 109/140
f 110/141 109/140 94/125
f 108/139 106/137 107/138
f 108/139 107/138 109/140
f 106/137 104/135 105/136
f 106/137 105/136 107/138
f 104/135 103/134 102/133
f 104/135 102/133 105/136
f 103/134 134/165 101/132
f 103/134 101/132 102/133
f 134/165 135/166 101/132
f 90/121 92/123 91/122
f 92/123 94/125 93/124
f 92/123 93/124 91/122
f 94/125 109/140 95/126
f 94/125 95/126 93/124
f 109/140 107/138 97/128
f 109/140 97/128 95/126
f 107/138 105/136 98/129
f 107/138 98/129 97/128
f 105/136 102/133 99/130
f 105/136 99/130 98/129
f 102/133 101/132 100/131
f 102/133 100/131 99/130
f 101/132 135/166 96/127
f 101/132 96/127 100/131
f 135/166 136/167 96/127
f 118/149 117/148 84/115
f 122/153 123/154 119/150
f 119/150 118/149 84/115
f 121/152 122/153 119/150
f 99/130 100/131 96/127
f 120/151 121/152 119/150
f 135/166 134/165 133/164
f 98/129 99/130 96/127
f 135/166 133/164 132/163
f 135/166 132/163 120/151
f 120/151 119/150 84/115
f 97/128 98/129 96/127
f 83/114 85/116 86/117
f 87/118 90/121 91/122
f 95/126 97/128 96/127
f 93/124 95/126 96/127
f 83/114 86/117 87/118
f 136/167 135/166 120/151
f 93/168 96/169 136/170
f 182/284 230/288 229/285
f 182/284 229/285 183/286
f 182/284 186/289 230/288
f 182/216 158/192 186/220
f 182/216 160/194 158/192
f 182/216 183/217 160/194
f 229/263 230/264 214/248
f 229/263 214/248 216/250
f 229/285 231/287 183/286
f 229/263 216/250 231/265
f 186/289 233/292 230/288
f 186/220 158/192 157/191
f 186/289 157/293 233/292
f 230/264 233/267 213/247
f 230/264 213/247 214/248
f 158/192 152/186 157/191
f 158/192 160/194 159/193
f 158/192 159/193 152/186
f 213/247 233/267 205/239
f 213/247 199/233 214/248
f 213/247 205/239 199/233
f 157/301 153/302 233/303
f 157/191 152/186 153/187
f 233/303 153/302 205/304
f 160/194 183/217 162/196
f 160/194 162/196 161/195
f 160/194 161/195 159/193
f 214/248 215/249 216/250
f 214/248 199/233 215/249
f 183/286 231/287 181/290
f 183/217 181/215 162/196
f 231/287 228/291 181/290
f 231/265 216/250 228/262
f 181/327 228/328 224/326
f 181/215 178/212 162/196
f 181/327 224/326 178/325
f 228/262 216/250 219/253
f 228/262 219/253 224/258
f 162/196 163/197 161/195
f 162/196 164/198 163/197
f 162/196 178/212 164/198
f 216/250 215/249 217/251
f 216/250 217/251 218/252
f 216/250 218/252 219/253
f 153/302 204/307 205/304
f 153/187 152/186 150/184
f 153/302 155/305 204/307
f 153/187 150/184 155/189
f 205/239 204/238 199/233
f 152/186 159/193 145/179
f 152/186 145/179 147/181
f 152/186 147/181 150/184
f 199/233 196/230 215/249
f 199/233 187/221 196/230
f 199/233 204/238 202/236
f 199/233 202/236 187/221
f 159/193 146/180 145/179
f 159/193 161/195 146/180
f 215/249 196/230 195/229
f 215/249 195/229 217/251
f 145/179 137/171 147/181
f 145/179 146/180 137/171
f 195/229 196/230 187/221
f 195/229 197/231 217/251
f 195/229 187/221 197/231
f 147/181 137/171 150/184
f 161/195 148/182 146/180
f 161/195 163/197 148/182
f 217/251 197/231 218/252
f 146/180 148/182 137/171
f 197/231 198/232 218/252
f 197/231 187/221 198/232
f 163/197 138/172 148/182
f 163/197 165/199 138/172
f 163/197 164/198 165/199
f 218/252 198/232 220/254
f 218/252 220/254 219/253
f 148/182 138/172 137/171
f 198/232 187/221 189/223
f 198/232 189/223 220/254
f 155/305 202/306 204/307
f 155/305 150/308 202/306
f 137/171 149/183 150/184
f 137/171 140/174 149/183
f 137/171 139/173 140/174
f 137/171 138/172 139/173
f 187/221 202/236 190/224
f 187/221 190/224 188/222
f 187/221 188/222 189/223
f 150/308 149/309 202/306
f 202/306 149/309 201/310
f 202/236 201/235 190/224
f 149/316 151/311 201/315
f 149/183 140/174 151/185
f 201/235 192/226 190/224
f 201/315 151/311 200/313
f 201/235 200/234 192/226
f 140/174 142/176 151/185
f 140/174 141/175 142/176
f 140/174 139/173 141/175
f 190/224 192/226 191/225
f 190/224 191/225 188/222
f 151/311 154/312 200/313
f 151/185 142/176 154/188
f 200/313 154/312 235/314
f 200/234 235/269 193/227
f 200/234 193/227 192/226
f 154/312 156/317 235/314
f 154/188 142/176 143/177
f 154/188 143/177 156/190
f 235/269 194/228 193/227
f 235/314 156/317 236/318
f 235/269 236/270 194/228
f 142/176 141/175 143/177
f 192/226 193/227 191/225
f 138/172 165/199 139/173
f 189/223 211/245 220/254
f 189/223 188/222 211/245
f 143/177 144/178 156/190
f 143/177 141/175 144/178
f 193/227 194/228 191/225
f 156/294 238/295 236/296
f 156/294 144/298 238/295
f 236/270 207/241 194/228
f 236/270 237/271 207/241
f 236/296 238/295 237/297
f 165/199 164/198 166/200
f 165/199 167/201 139/173
f 165/199 166/200 167/201
f 220/254 221/255 219/253
f 220/254 211/245 221/255
f 144/178 141/175 170/204
f 144/178 170/204 171/205
f 144/178 171/205 185/219
f 144/298 185/299 238/295
f 194/228 203/237 191/225
f 194/228 206/240 203/237
f 194/228 207/241 206/240
f 178/325 224/326 177/323
f 178/212 177/211 164/198
f 224/258 219/253 221/255
f 224/326 222/324 177/323
f 224/258 221/255 222/256
f 164/198 177/211 166/200
f 139/173 167/201 141/175
f 188/222 212/246 211/245
f 188/222 191/225 212/246
f 167/201 170/204 141/175
f 167/201 169/203 170/204
f 167/201 166/200 168/202
f 167/201 168/202 169/203
f 211/245 212/246 206/240
f 211/245 209/243 221/255
f 211/245 206/240 209/243
f 191/225 203/237 212/246
f 171/205 170/204 169/203
f 171/205 169/203 185/219
f 203/237 206/240 212/246
f 177/323 222/324 223/322
f 177/211 176/210 166/200
f 177/323 223/322 176/319
f 222/256 221/255 209/243
f 222/256 209/243 223/257
f 166/200 176/210 168/202
f 176/319 223/322 227/320
f 176/210 174/208 168/202
f 176/319 227/320 174/321
f 223/257 209/243 210/244
f 223/257 210/244 227/261
f 168/202 172/206 169/203
f 168/202 174/208 172/206
f 209/243 206/240 208/242
f 209/243 208/242 210/244
f 169/203 175/209 185/219
f 169/203 172/206 173/207
f 169/203 173/207 175/209
f 206/240 207/241 208/242
f 185/299 175/300 238/295
f 207/241 237/271 232/266
f 207/241 232/266 208/242
f 238/280 232/278 237/281
f 238/280 175/279 232/278
f 174/282 227/283 234/276
f 174/208 184/218 172/206
f 174/282 234/276 184/277
f 227/261 210/244 226/260
f 227/261 226/260 234/268
f 172/206 179/213 173/207
f 172/206 184/218 179/213
f 210/244 208/242 225/259
f 210/244 225/259 226/260
f 173/207 180/214 175/209
f 173/207 179/213 180/214
f 208/242 232/266 225/259
f 175/279 180/273 232/278
f 232/278 180/273 225/275
f 226/272 225/275 180/273
f 226/272 180/273 179/274
f 234/276 226/272 179/274
f 184/277 234/276 179/274
f 649/970 451/971 650/972
f 649/970 650/972 479/974
f 649/970 452/973 451/971
f 649/970 512/976 452/973
f 649/970 479/974 480/975
f 649/970 480/975 512/976
f 650/1316 451/1319 450/1317
f 650/1316 664/1320 479/1321
f 650/1316 450/1317 661/1318
f 650/1316 661/1318 664/1320
f 452/593 434/574 451/592
f 452/973 512/976 453/977
f 452/593 453/594 447/588
f 452/593 447/588 434/574
f 480/637 479/636 472/629
f 480/975 482/978 512/976
f 480/637 477/634 482/639
f 480/637 472/629 477/634
f 451/1319 431/1322 450/1317
f 451/592 434/574 431/571
f 479/1321 664/1320 471/1323
f 479/636 471/628 472/629
f 512/688 482/689 453/687
f 661/1004 449/1005 662/1006
f 661/1004 662/1006 663/1008
f 661/1004 450/1007 449/1005
f 661/1004 663/1008 664/1009
f 662/1006 449/1005 665/1010
f 662/1006 667/1012 663/1008
f 662/1006 665/1010 666/1011
f 662/1006 666/1011 667/1012
f 453/687 482/689 477/679
f 453/687 477/679 447/676
f 450/591 440/580 449/590
f 450/591 431/571 440/580
f 664/1009 663/1008 481/1013
f 664/1320 481/1324 471/1323
f 449/1005 439/1022 665/1010
f 449/590 440/580 439/579
f 663/1008 667/1012 592/1014
f 663/1008 592/1014 481/1013
f 666/1011 665/1010 668/1015
f 666/1011 670/1017 667/1012
f 666/1011 668/1015 669/1016
f 666/1011 669/1016 670/1017
f 665/1010 439/1022 668/1015
f 667/1012 670/1017 592/1014
f 434/574 432/572 431/571
f 434/574 447/588 446/587
f 434/574 446/587 432/572
f 472/629 471/628 467/624
f 472/629 476/633 477/634
f 472/629 467/624 476/633
f 431/571 433/573 440/580
f 431/571 432/572 433/573
f 471/628 481/638 468/625
f 471/628 468/625 467/624
f 447/676 477/679 476/677
f 447/676 476/677 446/678
f 440/580 433/573 439/579
f 481/819 592/818 591/816
f 481/1128 591/1126 468/1127
f 439/579 433/573 438/578
f 439/1022 438/1021 668/1015
f 592/818 414/817 591/816
f 592/1014 670/1017 414/1024
f 446/678 476/677 475/680
f 446/587 445/586 432/572
f 446/678 475/680 445/681
f 476/633 467/624 475/632
f 432/572 435/575 433/573
f 432/572 445/586 435/575
f 467/624 468/625 469/626
f 467/624 469/626 475/632
f 433/573 437/577 438/578
f 433/573 435/575 436/576
f 433/573 436/576 437/577
f 591/1126 470/1119 468/1127
f 591/816 414/817 255/815
f 591/1126 590/1120 470/1119
f 591/816 255/815 590/814
f 468/625 470/627 469/626
f 668/1015 409/1019 669/1016
f 668/1015 438/1021 409/1019
f 669/1016 408/1018 670/1017
f 669/1016 409/1019 407/1020
f 669/1016 407/1020 408/1018
f 670/1017 408/1018 414/1024
f 513/690 514/691 515/692
f 513/690 521/704 514/691
f 513/690 516/693 517/698
f 513/690 517/698 522/705
f 513/690 515/692 516/693
f 513/690 522/705 521/704
f 514/691 520/703 519/701
f 514/691 519/701 518/700
f 514/691 518/700 515/692
f 514/691 521/704 523/708
f 514/691 523/708 520/703
f 517/698 401/696 399/699
f 517/698 399/699 522/705
f 517/698 516/693 401/696
f 409/539 402/532 407/537
f 409/539 410/540 402/532
f 407/537 406/536 408/538
f 407/537 402/532 404/534
f 407/537 404/534 406/536
f 408/538 406/536 411/541
f 711/1305 638/1307 376/1306
f 711/1305 376/1306 377/1301
f 711/1365 722/1363 638/1366
f 711/1305 377/1301 710/1302
f 711/1365 710/1384 723/1364
f 711/1365 723/1364 722/1363
f 376/1306 638/1307 375/1308
f 376/505 375/504 368/497
f 376/505 369/498 377/506
f 376/505 368/497 369/498
f 638/937 637/935 375/936
f 638/1366 722/1363 637/1367
f 375/936 637/935 379/932
f 375/504 379/508 367/496
f 375/504 367/496 368/497
f 637/935 524/933 379/932
f 637/1367 722/1363 719/1360
f 637/1394 719/1390 524/1389
f 379/508 384/513 367/496
f 379/932 524/933 384/934
f 519/1373 520/1374 725/1370
f 519/1373 725/1370 518/1371
f 399/529 401/531 398/528
f 399/699 397/707 522/705
f 399/529 398/528 397/527
f 410/540 412/542 402/532
f 410/564 424/559 412/563
f 410/564 425/560 424/559
f 411/553 406/557 420/551
f 411/553 420/551 415/545
f 411/553 415/545 417/547
f 710/1302 377/1301 405/1298
f 710/1384 727/1376 723/1364
f 710/1384 709/1388 727/1376
f 710/1302 403/1303 709/1304
f 710/1302 405/1298 403/1303
f 377/506 369/498 370/499
f 377/1301 378/1297 405/1298
f 377/506 370/499 378/507
f 723/1364 720/1361 722/1363
f 723/1364 727/1376 720/1361
f 368/497 367/496 360/489
f 368/497 360/489 369/498
f 722/1363 720/1361 719/1360
f 367/496 384/513 363/492
f 367/496 363/492 360/489
f 515/692 499/694 516/693
f 515/692 498/702 499/694
f 515/692 518/700 498/702
f 516/693 500/695 401/696
f 516/693 499/694 500/695
f 401/696 500/695 400/697
f 401/531 400/530 398/528
f 499/660 489/649 500/661
f 499/660 498/659 489/649
f 500/661 486/646 400/662
f 500/661 489/649 486/646
f 400/530 395/525 398/528
f 400/662 486/646 395/663
f 402/532 403/533 404/534
f 402/532 412/542 403/533
f 404/534 405/535 406/536
f 404/534 403/533 405/535
f 406/557 405/558 420/551
f 727/1376 709/1388 729/1381
f 727/1376 729/1381 720/1361
f 369/498 360/489 370/499
f 521/704 384/706 523/708
f 521/704 522/705 384/706
f 709/1290 403/1291 413/1287
f 709/1388 708/1382 729/1381
f 709/1290 413/1287 708/1289
f 403/533 412/542 413/543
f 405/1298 378/1297 421/1294
f 405/558 421/552 420/551
f 378/507 370/499 371/500
f 378/1297 373/1295 421/1294
f 378/507 371/500 373/502
f 520/703 523/708 524/709
f 520/1393 524/1389 730/1392
f 520/1374 730/1386 725/1370
f 523/708 384/706 524/709
f 522/705 397/707 384/706
f 397/527 394/523 384/513
f 397/527 398/528 393/522
f 397/527 393/522 394/523
f 729/1381 708/1382 728/1378
f 729/1381 728/1378 720/1361
f 370/499 360/489 371/500
f 524/1389 726/1391 730/1392
f 524/1389 719/1390 726/1391
f 384/513 394/523 385/514
f 384/513 385/514 363/492
f 518/1371 496/1369 498/1372
f 518/1371 725/1370 496/1369
f 398/528 395/525 393/522
f 498/659 487/647 489/649
f 498/659 497/658 487/647
f 498/659 496/657 497/658
f 489/649 487/647 486/646
f 486/646 501/664 395/663
f 486/646 487/647 488/648
f 486/646 488/648 501/664
f 395/663 501/664 391/665
f 395/525 391/520 393/522
f 302/412 300/410 301/411
f 302/1161 301/1166 271/1162
f 302/1072 692/1073 300/1066
f 302/1161 271/1162 705/1163
f 302/1161 705/1163 692/1164
f 301/411 300/410 299/409
f 301/1032 299/1025 272/1031
f 301/1166 272/1167 271/1162
f 300/410 297/406 299/409
f 300/1066 291/1067 297/1068
f 300/1066 692/1073 292/1069
f 300/1066 292/1069 291/1067
f 299/409 297/406 298/408
f 299/1025 298/1026 303/1027
f 299/1025 303/1027 272/1031
f 297/406 296/407 298/408
f 297/1068 290/1070 296/1071
f 297/1068 291/1067 290/1070
f 298/408 296/407 295/413
f 298/1026 295/1029 304/1028
f 298/1026 304/1028 303/1027
f 296/405 293/398 295/403
f 296/405 290/399 293/398
f 295/403 293/398 294/402
f 295/403 294/402 241/404
f 295/1029 241/1030 304/1028
f 412/563 427/562 413/567
f 412/563 424/559 427/562
f 420/551 421/552 418/549
f 420/551 418/549 415/545
f 308/1416 735/1415 312/1417
f 308/422 312/426 309/423
f 308/1416 311/1409 735/1415
f 308/422 310/424 311/425
f 308/422 309/423 310/424
f 312/1417 735/1415 612/1418
f 312/854 612/855 309/856
f 735/1415 736/1419 612/1418
f 735/1415 733/1411 736/1419
f 735/1415 311/1409 734/1414
f 735/1415 734/1414 733/1411
f 612/1418 736/1419 609/1420
f 612/855 609/849 611/851
f 612/855 611/851 309/856
f 736/1424 321/1425 609/1426
f 736/1424 322/1423 321/1425
f 736/1424 733/1421 322/1423
f 609/1426 321/1425 318/1427
f 609/849 318/852 610/850
f 609/849 610/850 611/851
f 321/443 319/441 318/440
f 321/443 322/444 319/441
f 318/852 320/853 610/850
f 318/440 319/441 320/442
f 413/1287 427/1288 708/1289
f 421/1294 373/1295 418/1296
f 311/1409 732/1406 734/1414
f 311/1409 310/1408 732/1406
f 734/1414 731/1404 733/1411
f 734/1414 732/1406 731/1404
f 733/1421 319/1422 322/1423
f 733/1411 731/1404 319/1398
f 684/1052 688/1056 685/1053
f 684/1052 685/1053 686/1054
f 684/1052 689/1057 688/1056
f 684/1211 243/1213 689/1215
f 684/1211 686/1214 317/1212
f 684/1211 317/1212 243/1213
f 685/1260 688/1263 572/1261
f 685/1053 687/1055 686/1054
f 685/1260 573/1262 687/1264
f 685/1260 572/1261 573/1262
f 689/1057 683/1058 688/1056
f 689/1215 243/1213 242/1216
f 689/1215 242/1216 680/1217
f 689/1057 680/1059 683/1058
f 688/1263 660/1271 572/1261
f 688/1263 683/1272 660/1271
f 730/1386 724/1368 725/1370
f 730/1386 717/1358 724/1368
f 730/1386 726/1375 717/1358
f 394/523 393/522 392/521
f 394/523 392/521 390/519
f 394/523 390/519 385/514
f 488/1440 271/1437 501/1439
f 488/1081 694/1076 271/1082
f 488/1081 487/1079 694/1076
f 705/1163 271/1162 692/1164
f 271/1162 694/1165 692/1164
f 271/373 272/374 273/375
f 271/1437 273/1438 501/1439
f 293/398 239/401 294/402
f 293/398 290/399 274/400
f 293/398 274/400 239/401
f 294/402 239/401 241/404
f 686/1065 687/1064 691/1063
f 686/1214 246/1219 317/1212
f 686/1214 691/1220 246/1219
f 687/1264 573/1262 577/1265
f 687/1264 577/1265 690/1266
f 687/1064 690/1060 691/1063
f 692/1073 693/1074 292/1069
f 692/1073 694/1076 693/1074
f 272/1431 303/1428 307/1430
f 272/1431 307/1430 273/1432
f 292/397 289/393 291/396
f 292/1069 693/1074 289/1075
f 303/414 304/415 305/416
f 303/1428 305/1429 307/1430
f 291/396 289/393 290/395
f 289/393 274/394 290/395
f 289/1109 275/1111 274/1112
f 289/1236 693/1235 702/1234
f 289/1109 702/1110 275/1111
f 305/416 304/415 240/417
f 305/1105 240/1108 287/1106
f 305/419 306/420 307/421
f 305/1105 287/1106 306/1107
f 304/415 241/418 240/417
f 274/823 310/821 239/820
f 274/1412 543/1410 310/1408
f 274/376 275/377 276/378
f 274/1412 276/1413 543/1410
f 239/329 240/330 241/331
f 239/391 287/389 240/392
f 239/820 310/821 309/822
f 239/863 309/856 288/864
f 239/391 288/390 287/389
f 310/1408 536/1407 732/1406
f 310/1408 543/1410 536/1407
f 309/856 611/851 613/857
f 309/856 613/857 288/864
f 732/1406 539/1405 731/1404
f 732/1406 536/1407 539/1405
f 611/851 610/850 614/858
f 611/851 614/858 613/857
f 731/1404 541/1403 319/1398
f 731/1404 539/1405 541/1403
f 610/850 320/853 615/859
f 610/850 615/859 614/858
f 319/1398 242/1399 320/1400
f 319/1398 545/1402 242/1399
f 319/1398 541/1403 545/1402
f 320/1400 242/1399 244/1401
f 320/853 244/861 616/860
f 320/853 616/860 615/859
f 242/332 243/333 244/334
f 242/1216 545/1218 680/1217
f 243/431 317/432 244/433
f 244/434 317/435 245/436
f 244/861 245/862 616/860
f 572/792 571/791 573/793
f 572/792 569/789 571/791
f 572/1001 659/998 569/1002
f 572/1001 660/999 659/998
f 573/793 571/791 577/797
f 569/789 570/790 571/791
f 569/789 574/794 570/790
f 569/1002 659/998 574/1003
f 571/791 570/790 580/800
f 571/791 579/799 577/797
f 571/791 580/800 579/799
f 574/794 576/796 570/790
f 574/794 575/795 576/796
f 574/1003 658/997 575/1000
f 574/1003 659/998 658/997
f 570/790 576/796 578/798
f 570/1313 578/1312 580/1309
f 575/884 622/887 576/888
f 575/1000 658/997 628/996
f 575/884 621/886 622/887
f 575/884 620/885 621/886
f 575/884 628/895 620/885
f 576/796 581/801 578/798
f 576/888 622/887 581/889
f 487/1079 695/1077 694/1076
f 487/1079 497/1080 695/1077
f 501/1436 273/1432 502/1435
f 501/664 502/666 391/665
f 694/1076 695/1077 693/1074
f 273/1432 307/1430 557/1433
f 273/1432 557/1433 502/1435
f 680/1046 682/1048 683/1049
f 680/1217 545/1218 681/1222
f 680/1046 681/1047 682/1048
f 683/1272 657/1273 660/1271
f 683/1272 682/1274 657/1273
f 725/1370 724/1368 496/1369
f 393/522 391/520 392/521
f 693/1235 696/1231 702/1234
f 693/1074 695/1077 696/1078
f 307/1255 306/1249 558/1251
f 307/1430 558/1434 557/1433
f 317/437 246/438 245/439
f 577/985 579/979 652/981
f 577/1265 652/1267 690/1266
f 545/742 541/736 544/741
f 545/1218 544/1223 681/1222
f 660/999 657/994 659/998
f 659/998 655/989 658/997
f 659/998 657/994 655/989
f 658/997 656/991 628/996
f 658/997 655/989 656/991
f 424/559 426/561 427/562
f 424/559 425/560 426/561
f 415/545 418/549 416/546
f 415/545 416/546 417/547
f 702/1159 277/1158 275/1160
f 702/1234 696/1231 704/1233
f 702/1159 704/1155 277/1158
f 306/1154 287/1153 703/1152
f 306/1249 560/1250 558/1251
f 306/1249 703/1252 560/1250
f 275/377 277/379 276/378
f 276/737 542/739 543/740
f 276/378 277/379 278/380
f 276/737 278/738 542/739
f 288/390 285/387 287/389
f 288/864 613/857 285/837
f 287/1153 286/1149 703/1152
f 287/389 285/387 286/388
f 543/740 537/732 536/731
f 543/740 542/739 537/732
f 613/857 614/858 594/828
f 613/857 594/828 285/837
f 536/731 538/733 539/734
f 536/731 537/732 538/733
f 614/858 615/859 595/829
f 614/858 595/829 594/828
f 539/734 540/735 541/736
f 539/734 538/733 540/735
f 615/859 616/860 597/831
f 615/859 597/831 595/829
f 541/736 540/735 544/741
f 616/860 245/862 599/833
f 616/860 599/833 597/831
f 245/335 246/336 247/337
f 245/862 247/835 599/833
f 579/979 580/983 653/982
f 579/979 651/980 652/981
f 579/979 653/982 651/980
f 580/1309 578/1312 671/1310
f 580/1309 671/1310 653/1311
f 578/1033 581/1034 671/1035
f 336/1205 338/1208 622/1206
f 336/462 337/463 338/464
f 336/1205 622/1206 621/1207
f 336/1205 621/1207 339/1209
f 336/462 339/465 337/463
f 338/1192 623/1190 622/1193
f 338/1192 337/1188 623/1190
f 621/1207 620/1210 339/1209
f 622/887 623/890 581/889
f 708/1289 427/1288 428/1292
f 708/1382 457/1379 728/1378
f 708/1289 428/1292 457/1293
f 427/562 426/561 428/565
f 418/1296 373/1295 419/1299
f 418/549 419/550 416/546
f 373/502 371/500 372/501
f 373/1295 374/1300 419/1299
f 373/502 372/501 374/503
f 728/1378 457/1379 721/1362
f 728/1378 721/1362 720/1361
f 371/500 360/489 372/501
f 691/1063 690/1060 679/1062
f 691/1220 331/1221 246/1219
f 691/1220 679/1229 331/1221
f 690/1266 652/1267 678/1268
f 690/1060 678/1061 679/1062
f 724/1368 492/1357 496/1369
f 724/1368 717/1358 492/1357
f 392/521 391/520 390/519
f 496/657 495/656 497/658
f 496/657 492/653 495/656
f 497/1080 697/1083 695/1077
f 497/1080 495/1084 697/1083
f 502/666 388/667 391/665
f 502/763 557/759 503/764
f 502/666 503/668 388/667
f 391/520 388/517 390/519
f 695/1077 698/1085 696/1078
f 695/1077 697/1083 698/1085
f 557/759 558/760 559/761
f 557/759 559/761 503/764
f 696/1231 698/1232 704/1233
f 558/760 560/762 559/761
f 246/455 331/456 247/457
f 652/981 651/980 654/984
f 652/1267 654/1269 678/1268
f 628/895 627/894 620/885
f 628/996 656/991 626/995
f 628/895 626/893 627/894
f 581/889 623/890 624/891
f 581/1034 624/1036 671/1035
f 339/465 340/466 337/463
f 339/1184 620/1185 341/1186
f 339/465 341/467 340/466
f 337/1188 625/1189 623/1190
f 337/1188 340/1191 625/1189
f 620/1185 627/1187 341/1186
f 623/890 625/892 624/891
f 544/1223 676/1224 681/1222
f 544/741 540/735 546/743
f 544/1223 546/1225 676/1224
f 681/1047 677/1050 682/1048
f 681/1047 676/1051 677/1050
f 682/1274 631/1275 657/1273
f 682/1274 677/1276 631/1275
f 657/994 631/992 655/989
f 655/989 335/990 656/991
f 655/989 631/992 335/990
f 656/991 335/990 648/993
f 656/991 648/993 626/995
f 704/1155 279/1157 277/1158
f 704/1233 698/1232 636/1237
f 704/1155 636/1156 279/1157
f 703/1152 286/1149 635/1151
f 703/1252 635/1253 560/1250
f 277/379 279/381 278/380
f 278/738 547/744 542/739
f 278/380 279/381 280/382
f 278/738 280/748 547/744
f 285/387 284/386 286/388
f 285/837 594/828 282/827
f 285/387 282/384 284/386
f 286/1149 284/1150 635/1151
f 542/739 548/745 537/732
f 542/739 547/744 548/745
f 594/828 595/829 593/825
f 594/828 593/825 282/827
f 537/732 549/746 538/733
f 537/732 548/745 549/746
f 595/829 597/831 596/830
f 595/829 596/830 593/825
f 538/733 550/747 540/735
f 538/733 549/746 550/747
f 597/831 599/833 598/832
f 597/831 598/832 596/830
f 540/735 550/747 546/743
f 599/833 247/835 600/834
f 599/833 600/834 598/832
f 247/1338 331/1339 601/1340
f 247/835 601/836 600/834
f 651/980 653/982 646/986
f 651/980 333/987 654/984
f 651/980 646/986 333/987
f 653/1311 671/1310 647/1314
f 653/1311 647/1314 646/1315
f 671/1035 624/1036 647/1037
f 425/560 262/566 426/561
f 417/547 416/546 256/548
f 426/561 429/568 428/565
f 426/561 262/566 429/568
f 416/546 419/550 422/554
f 416/546 422/554 256/548
f 341/1168 627/1169 340/1170
f 340/1170 627/1169 625/1171
f 627/894 626/893 625/892
f 625/892 626/893 624/891
f 445/681 475/680 478/682
f 445/586 448/589 435/575
f 445/681 478/682 448/683
f 475/632 469/626 478/635
f 435/575 443/584 436/576
f 435/575 448/589 444/585
f 435/575 444/585 443/584
f 469/626 470/627 473/630
f 469/626 474/631 478/635
f 469/626 473/630 474/631
f 436/576 441/582 437/577
f 436/1125 443/1121 701/1124
f 436/1098 701/1099 441/1100
f 590/1120 588/1118 470/1119
f 590/814 255/815 589/812
f 590/814 589/812 588/811
f 470/1119 588/1118 473/1117
f 437/577 441/582 442/583
f 255/815 254/813 589/812
f 457/606 428/605 454/597
f 457/1379 454/1383 721/1362
f 428/565 429/568 430/569
f 428/605 430/598 454/597
f 419/622 374/623 383/596
f 419/550 423/555 422/554
f 419/622 383/596 423/595
f 374/503 372/501 359/488
f 374/503 359/488 383/512
f 721/1362 718/1359 720/1361
f 721/1362 454/1383 718/1359
f 372/501 360/489 359/488
f 720/1361 718/1359 719/1360
f 360/489 363/492 362/491
f 360/489 362/491 361/490
f 360/489 361/490 358/487
f 360/489 358/487 359/488
f 719/1360 712/1348 726/1375
f 719/1360 718/1359 712/1348
f 363/492 385/514 386/515
f 363/492 364/493 362/491
f 363/492 365/494 364/493
f 363/492 366/495 365/494
f 363/492 353/482 366/495
f 363/492 386/515 353/482
f 726/1375 716/1355 717/1358
f 726/1375 712/1348 716/1355
f 385/514 390/519 388/517
f 385/514 388/517 386/515
f 717/1358 716/1355 492/1357
f 654/1269 672/1270 678/1268
f 654/984 333/987 629/988
f 654/1269 629/1279 672/1270
f 495/1335 348/1332 697/1336
f 495/1335 494/1333 348/1332
f 495/656 492/653 494/655
f 503/764 559/761 504/766
f 503/668 504/669 388/667
f 697/1336 348/1332 698/1337
f 559/761 560/762 342/765
f 559/761 342/765 504/766
f 698/1232 634/1238 636/1237
f 698/1344 348/1345 349/1346
f 698/1344 349/1346 634/1347
f 560/1250 635/1253 561/1254
f 560/762 343/767 342/765
f 560/762 561/768 343/767
f 331/1221 679/1229 601/1230
f 527/908 362/909 533/910
f 527/908 361/914 362/909
f 527/722 533/728 528/723
f 527/908 531/915 361/914
f 527/722 530/725 531/726
f 527/722 529/724 530/725
f 527/722 528/723 529/724
f 362/909 364/911 533/910
f 533/910 364/911 535/912
f 533/728 535/730 534/729
f 533/728 534/729 528/723
f 364/911 365/913 535/912
f 546/1204 550/1200 707/1202
f 546/1225 707/1227 674/1226
f 546/1225 674/1226 676/1224
f 679/1045 678/1044 675/1041
f 679/1229 675/1228 601/1230
f 678/1044 672/1038 675/1041
f 631/901 630/899 335/900
f 631/1275 677/1276 630/1277
f 335/969 334/965 648/968
f 335/900 630/899 332/898
f 335/461 332/458 334/460
f 648/968 645/962 626/961
f 648/968 334/965 645/962
f 535/1280 365/1283 366/1281
f 535/1280 366/1281 534/1282
f 626/961 647/966 624/967
f 626/961 646/963 647/966
f 626/961 645/962 646/963
f 531/1245 358/1246 361/1247
f 531/1245 532/1248 358/1246
f 531/726 530/725 532/727
f 636/929 281/926 279/930
f 636/929 634/923 281/926
f 635/928 284/927 561/924
f 279/381 281/383 280/382
f 280/824 282/827 593/825
f 280/382 281/383 282/384
f 280/824 593/825 547/826
f 282/384 283/385 284/386
f 282/384 281/383 283/385
f 284/927 283/925 561/924
f 547/1096 593/1097 323/1093
f 547/744 313/758 548/745
f 547/744 556/757 313/758
f 547/744 555/756 556/757
f 547/744 248/754 555/756
f 547/1096 323/1093 248/1092
f 593/825 596/830 314/839
f 593/825 314/839 602/840
f 593/825 602/840 323/841
f 548/745 313/758 549/746
f 596/830 598/832 315/838
f 596/830 315/838 314/839
f 549/746 316/749 550/747
f 549/746 313/758 316/749
f 598/832 600/834 315/838
f 550/1200 600/1201 707/1202
f 550/879 250/874 600/878
f 550/747 316/749 551/750
f 550/747 551/750 250/751
f 600/1201 601/1203 707/1202
f 600/834 608/848 315/838
f 600/834 607/847 608/848
f 600/834 606/845 607/847
f 600/878 250/874 606/876
f 707/1227 601/1230 675/1228
f 707/1227 675/1228 674/1226
f 630/899 629/896 332/898
f 630/1277 673/1278 629/1279
f 630/1277 677/1276 673/1278
f 629/896 333/897 332/898
f 629/1279 673/1278 672/1270
f 332/458 333/459 334/460
f 333/964 646/963 645/962
f 333/964 645/962 334/965
f 448/683 478/682 509/684
f 448/950 640/948 444/951
f 448/683 509/684 510/685
f 448/950 510/949 640/948
f 478/954 474/955 641/952
f 478/954 641/952 509/953
f 701/1124 443/1121 585/1123
f 701/1099 584/1101 441/1100
f 701/1099 585/1104 584/1101
f 588/1118 587/1113 473/1117
f 588/811 589/812 586/809
f 588/811 586/809 587/810
f 262/566 260/570 429/568
f 256/548 422/554 258/556
f 429/600 455/599 430/598
f 429/600 260/603 455/599
f 455/599 422/601 423/595
f 455/599 258/602 422/601
f 455/599 423/595 430/598
f 455/599 260/603 456/604
f 455/599 456/604 258/602
f 494/1333 504/1334 342/1329
f 494/902 343/904 504/905
f 494/1333 342/1329 348/1332
f 494/902 617/903 343/904
f 494/902 564/906 617/903
f 494/655 492/653 493/654
f 494/902 493/907 564/906
f 504/782 343/781 505/777
f 504/669 505/670 388/667
f 348/1332 342/1329 345/1331
f 348/475 345/476 349/477
f 342/1329 344/1330 345/1331
f 342/468 343/469 344/470
f 345/471 344/472 346/473
f 345/931 347/918 349/922
f 345/471 346/473 347/474
f 344/920 343/921 633/919
f 344/920 633/919 346/916
f 617/871 564/872 343/873
f 349/922 343/921 634/923
f 349/922 632/917 343/921
f 349/922 347/918 632/917
f 343/921 561/924 634/923
f 343/921 632/917 633/919
f 343/781 566/778 505/777
f 343/873 564/872 566/865
f 634/923 561/924 283/925
f 634/923 283/925 281/926
f 676/1042 673/1039 677/1043
f 676/1042 674/1040 673/1039
f 444/951 640/948 443/959
f 474/955 473/960 641/952
f 443/1121 642/1122 585/1123
f 443/959 640/948 642/956
f 473/1117 587/1113 644/1116
f 473/960 644/958 641/952
f 441/1100 261/1102 442/1103
f 441/1100 584/1101 261/1102
f 589/812 254/813 257/808
f 589/812 257/808 586/809
f 430/598 423/595 454/597
f 423/595 383/596 454/597
f 718/1359 454/1383 458/1377
f 718/1359 715/1353 712/1348
f 718/1359 458/1377 715/1353
f 359/488 357/486 383/512
f 359/488 358/487 357/486
f 454/597 383/596 382/607
f 454/597 382/607 458/608
f 383/512 357/486 382/511
f 510/685 509/684 511/686
f 510/949 511/946 640/948
f 509/953 641/952 511/946
f 585/1123 642/1122 643/1115
f 585/805 582/802 584/804
f 585/1123 643/1115 582/1114
f 587/810 586/809 582/802
f 587/1113 582/1114 643/1115
f 587/1113 643/1115 644/1116
f 313/427 314/428 315/429
f 313/1142 556/1135 314/1141
f 313/427 315/429 316/430
f 314/1141 556/1135 602/1137
f 316/1147 315/1148 608/1144
f 316/1147 608/1144 551/1143
f 675/1041 672/1038 674/1040
f 672/1038 673/1039 674/1040
f 366/495 353/482 352/481
f 366/1281 352/1284 534/1282
f 511/946 639/947 640/948
f 511/946 641/952 639/947
f 640/948 639/947 642/956
f 641/952 644/958 639/947
f 642/956 639/947 643/957
f 582/802 583/803 584/804
f 582/802 586/809 583/803
f 644/958 643/957 639/947
f 584/804 583/803 261/806
f 586/809 257/808 583/803
f 261/806 583/803 259/807
f 257/808 259/807 583/803
f 712/1348 484/1354 716/1355
f 712/1348 715/1353 714/1352
f 712/1348 714/1352 713/1349
f 712/1348 713/1349 706/1350
f 712/1348 706/1350 484/1354
f 353/482 386/515 263/480
f 353/482 263/480 352/481
f 716/1355 485/1356 492/1357
f 716/1355 484/1354 485/1356
f 386/515 388/517 387/516
f 386/515 387/516 263/480
f 492/653 490/650 493/654
f 492/653 485/651 490/650
f 493/773 563/771 564/774
f 493/773 490/769 563/771
f 505/670 506/671 388/667
f 505/777 566/778 506/779
f 388/667 506/671 389/672
f 388/517 389/518 387/516
f 564/872 563/866 566/865
f 566/778 567/780 506/779
f 566/865 563/866 567/867
f 715/1353 458/1377 459/1387
f 715/1353 459/1387 714/1352
f 357/486 358/487 354/483
f 357/486 356/485 382/511
f 357/486 354/483 356/485
f 532/944 354/943 358/945
f 532/944 530/942 354/943
f 458/608 382/607 380/609
f 458/608 380/609 459/610
f 382/511 356/485 380/509
f 534/1282 352/1284 528/1285
f 352/1284 351/1286 528/1285
f 352/481 263/480 351/479
f 530/942 350/940 354/943
f 530/942 529/938 350/940
f 354/483 355/484 356/485
f 354/483 350/478 355/484
f 714/1352 459/1387 460/1380
f 714/1352 460/1380 713/1349
f 356/485 355/484 380/509
f 556/1135 555/1136 602/1137
f 602/1137 555/1136 603/1138
f 602/840 603/842 323/841
f 551/1143 608/1144 607/1145
f 551/1143 607/1145 552/1146
f 551/750 552/752 250/751
f 529/938 351/939 350/940
f 529/938 528/941 351/939
f 350/478 351/479 263/480
f 350/478 263/480 355/484
f 459/610 380/609 381/611
f 459/610 381/611 460/612
f 380/509 355/484 381/510
f 490/769 562/770 563/771
f 490/769 491/772 562/770
f 490/650 485/651 491/652
f 506/788 567/787 507/783
f 506/671 507/673 389/672
f 563/866 562/868 567/867
f 567/787 568/784 507/783
f 567/867 562/868 568/869
f 713/1349 465/1351 706/1350
f 713/1349 460/1380 465/1351
f 355/484 263/480 381/510
f 706/1181 465/1178 483/1180
f 706/1395 483/1396 484/1397
f 263/621 265/620 381/611
f 263/357 264/358 265/359
f 263/480 387/516 264/524
f 460/612 381/611 461/613
f 460/612 461/613 462/614
f 460/1380 462/1385 465/1351
f 381/611 265/620 461/613
f 555/1136 554/1139 603/1138
f 555/756 248/754 554/755
f 603/1138 554/1139 604/1140
f 603/842 604/843 323/841
f 552/1176 607/1177 605/1175
f 552/1176 605/1175 553/1173
f 552/752 553/753 250/751
f 607/847 606/845 605/844
f 462/614 461/613 463/615
f 462/614 463/615 465/617
f 461/613 265/620 266/619
f 461/613 464/616 463/615
f 461/613 266/619 464/616
f 465/617 463/615 466/618
f 465/1178 466/1179 483/1180
f 265/359 264/358 266/360
f 491/772 565/775 562/770
f 491/652 485/651 508/674
f 491/772 508/776 565/775
f 507/783 568/784 508/785
f 507/673 508/674 389/672
f 562/868 565/870 568/869
f 568/784 565/786 508/785
f 463/1129 464/1134 525/1130
f 463/721 526/717 466/716
f 463/1129 525/1130 526/1131
f 464/710 266/715 267/711
f 464/710 267/711 525/712
f 466/1179 268/1182 483/1180
f 466/716 526/717 268/718
f 266/360 264/358 267/361
f 554/1172 553/1173 604/1174
f 554/755 248/754 553/753
f 604/1174 553/1173 605/1175
f 604/843 605/844 323/841
f 553/753 248/754 250/751
f 605/844 606/845 323/841
f 484/644 396/641 485/645
f 484/644 483/643 396/641
f 387/516 389/518 396/526
f 387/516 396/526 264/524
f 485/651 396/675 508/674
f 508/674 396/675 389/672
f 483/1180 268/1182 251/1183
f 483/643 251/642 396/641
f 264/358 251/362 267/361
f 264/640 396/641 251/642
f 526/1131 525/1130 270/1132
f 526/717 269/719 268/718
f 526/1131 270/1132 269/1133
f 525/712 267/711 253/713
f 525/712 253/713 270/714
f 268/718 269/719 252/720
f 268/363 252/364 251/365
f 267/366 251/367 253/368
f 269/369 270/370 253/371
f 269/369 253/371 252/372
f 248/1092 323/1093 325/1091
f 248/1092 325/1091 249/1090
f 248/338 249/339 250/340
f 323/445 324/446 325/447
f 323/841 606/845 324/846
f 249/1090 325/1091 699/1087
f 249/448 327/450 250/451
f 249/448 326/449 327/450
f 249/1090 699/1087 326/1086
f 325/1194 324/1197 618/1195
f 325/1194 618/1195 699/1196
f 250/874 327/875 606/876
f 606/876 327/875 324/877
f 327/875 328/880 324/877
f 327/450 326/449 328/452
f 324/877 328/880 618/881
f 326/1086 699/1087 700/1088
f 326/449 329/453 328/452
f 326/1086 700/1088 329/1089
f 699/1196 618/1195 619/1198
f 699/1196 619/1198 700/1199
f 328/880 330/882 618/881
f 328/452 329/453 330/454
f 618/881 330/882 619/883
f 329/1089 700/1088 619/1094
f 329/1089 619/1094 330/1095
f 414/544 408/538 411/541
f 410/1023 409/1019 438/1021
f 410/581 438/578 437/577
f 255/1341 414/1342 411/1343
f 425/1240 410/1244 437/1241
f 262/1239 425/1240 437/1241
f 255/1256 411/1259 417/1257
f 255/1256 417/1257 256/1258
f 262/1239 437/1241 442/1242
f 262/1239 442/1242 261/1243
f 254/344 255/345 256/346
f 257/347 254/348 256/349
f 260/353 262/356 261/354
f 260/353 261/354 259/355
f 456/1325 260/1326 259/1327
f 258/1328 456/1325 259/1327
f 258/350 259/351 257/352
f 346/916 633/919 632/917
f 346/916 632/917 347/918
f 251/341 252/342 253/343
f 737/1484 739/1482 755/1481
f 737/1484 755/1481 757/1491
f 737/1441 738/1442 739/1443
f 737/1484 757/1491 751/1492
f 737/1441 751/1455 750/1454
f 737/1441 750/1454 738/1442
f 755/1481 739/1482 761/1483
f 755/1459 761/1465 760/1464
f 755/1459 756/1460 757/1461
f 755/1459 760/1464 756/1460
f 739/1482 741/1485 761/1483
f 739/1443 740/1444 741/1445
f 739/1443 738/1442 740/1444
f 761/1483 741/1485 763/1486
f 761/1465 763/1467 762/1466
f 761/1465 762/1466 760/1464
f 751/1492 757/1491 759/1493
f 751/1455 752/1456 750/1454
f 751/1455 753/1457 752/1456
f 751/1492 759/1493 753/1494
f 757/1461 756/1460 758/1462
f 757/1461 758/1462 759/1463
f 741/1485 743/1487 763/1486
f 741/1445 742/1446 743/1447
f 741/1445 740/1444 742/1446
f 763/1467 764/1468 762/1466
f 763/1486 743/1487 765/1488
f 763/1467 765/1469 764/1468
f 750/1495 760/1496 762/1497
f 750/1495 752/1499 760/1496
f 750/1495 762/1497 738/1498
f 760/1496 752/1499 756/1500
f 738/1498 762/1497 764/1501
f 738/1498 764/1501 740/1502
f 743/1487 744/1489 765/1488
f 743/1447 742/1446 744/1448
f 765/1488 744/1489 767/1490
f 765/1469 767/1471 766/1470
f 765/1469 766/1470 764/1468
f 752/1499 754/1505 756/1500
f 752/1456 753/1457 754/1458
f 756/1500 754/1505 758/1506
f 744/1509 768/1511 767/1512
f 744/1448 742/1446 745/1449
f 744/1509 745/1510 768/1511
f 767/1471 768/1472 766/1470
f 740/1502 764/1501 766/1503
f 740/1502 766/1503 742/1504
f 742/1521 766/1522 769/1516
f 742/1521 769/1516 746/1515
f 742/1446 746/1450 745/1449
f 766/1470 768/1472 769/1473
f 746/1515 769/1516 771/1517
f 746/1450 747/1451 745/1449
f 746/1515 771/1517 748/1518
f 746/1450 748/1452 747/1451
f 769/1473 768/1472 770/1474
f 769/1473 770/1474 771/1475
f 745/1510 747/1513 768/1511
f 768/1511 747/1513 770/1514
f 748/1518 771/1517 772/1519
f 748/1518 772/1519 749/1520
f 748/1452 749/1453 747/1451
f 771/1475 770/1474 772/1476
f 759/1507 758/1506 754/1505
f 759/1507 754/1505 753/1508
f 770/1477 747/1478 749/1479
f 772/1480 770/1477 749/1479
f 783/1565 774/1561 773/1566
f 783/1555 773/1556 776/1550
f 783/1565 785/1562 774/1561
f 783/1533 784/1534 785/1535
f 783/1555 776/1550 784/1547
f 773/1523 774/1524 775/1525
f 773/1523 775/1525 776/1526
f 785/1562 786/1560 774/1561
f 785/1535 784/1534 786/1536
f 774/1561 786/1560 775/1557
f 784/1547 776/1550 778/1548
f 784/1534 787/1537 786/1536
f 784/1547 778/1548 787/1549
f 776/1526 775/1525 777/1527
f 776/1526 777/1527 778/1528
f 786/1560 788/1558 775/1557
f 786/1536 787/1537 788/1538
f 775/1557 788/1558 777/1559
f 787/1549 778/1548 780/1551
f 787/1537 789/1539 788/1538
f 787/1549 780/1551 789/1552
f 778/1528 777/1527 779/1529
f 778/1528 779/1529 780/1530
f 788/1558 790/1563 777/1559
f 788/1538 789/1539 790/1540
f 777/1559 790/1563 779/1564
f 789/1552 780/1551 782/1553
f 789/1539 791/1541 790/1540
f 789/1552 782/1553 791/1554
f 780/1530 779/1529 781/1531
f 780/1530 781/1531 782/1532
f 790/1563 792/1567 779/1564
f 790/1540 791/1541 792/1542
f 779/1564 792/1567 781/1568
f 791/1544 782/1546 781/1545
f 792/1543 791/1544 781/1545
f 793/1569 794/1570 795/1571
f 795/1571 794/1570 796/1572
f 796/1572 794/1570 797/1573
f 795/1577 796/1578 797/1576
f 793/1575 795/1577 797/1576
f 794/1574 793/1575 797/1576
f 798/1579 799/1580 800/1581
f 799/1580 801/1582 800/1581
f 801/1582 802/1583 800/1581
f 802/1584 801/1588 799/1585
f 802/1584 799/1585 798/1586
f 800/1587 802/1584 798/1586
f 804/1607 803/1606 811/1597
f 804/1607 811/1597 805/1608
f 803/1606 812/1598 811/1597
f 803/1606 806/1603 812/1598
f 805/1608 811/1597 814/1600
f 805/1608 814/1600 809/1605
f 811/1597 813/1599 814/1600
f 811/1597 812/1598 813/1599
f 814/1600 810/1604 809/1605
f 814/1600 813/1599 810/1604
f 806/1603 807/1601 812/1598
f 812/1598 807/1601 813/1599
f 813/1599 808/1602 810/1604
f 813/1599 807/1601 808/1602
f 803/1589 804/1590 805/1591
f 806/1592 803/1589 805/1591
f 807/1593 806/1592 805/1591
f 808/1594 807/1593 805/1591
f 808/1594 805/1591 809/1595
f 810/1596 808/1594 809/1595
f 816/1627 823/1617 817/1626
f 816/1627 815/1628 823/1617
f 817/1626 823/1617 825/1619
f 817/1626 825/1619 818/1623
f 815/1628 826/1620 823/1617
f 815/1628 821/1625 826/1620
f 823/1617 826/1620 824/1618
f 823/1617 824/1618 825/1619
f 826/1620 821/1625 822/1624
f 826/1620 822/1624 824/1618
f 818/1623 825/1619 819/1621
f 825/1619 824/1618 819/1621
f 824/1618 822/1624 820/1622
f 824/1618 820/1622 819/1621
f 815/1609 816/1610 817/1611
f 815/1609 817/1611 818/1612
f 815/1609 818/1612 819/1613
f 815/1609 819/1613 820/1614
f 821/1615 815/1609 820/1614
f 821/1615 820/1614 822/1616
f 829/1644 828/1643 836/1638
f 829/1644 840/1642 830/1651
f 829/1644 836/1638 840/1642
f 828/1643 839/1641 836/1638
f 828/1643 835/1645 839/1641
f 830/1651 840/1642 834/1650
f 840/1642 838/1640 834/1650
f 840/1642 836/1638 838/1640
f 834/1650 838/1640 833/1649
f 836/1638 837/1639 838/1640
f 836/1638 839/1641 837/1639
f 838/1640 832/1648 833/1649
f 838/1640 837/1639 832/1648
f 835/1645 827/1646 839/1641
f 839/1641 827/1646 837/1639
f 837/1639 827/1646 831/1647
f 837/1639 831/1647 832/1648
f 827/1629 835/1637 828/1630
f 827/1629 828/1630 829/1631
f 827/1629 829/1631 830/1632
f 831/1633 827/1629 830/1632
f 832/1634 831/1633 830/1632
f 833/1635 832/1634 830/1632
f 834/1636 833/1635 830/1632
f 841/1667 850/1661 842/1666
f 841/1667 844/1674 854/1665
f 841/1667 854/1665 850/1661
f 842/1666 850/1661 853/1664
f 842/1666 853/1664 849/1668
f 844/1674 848/1673 854/1665
f 854/1665 848/1673 851/1662
f 854/1665 851/1662 850/1661
f 848/1673 847/1672 851/1662
f 850/1661 851/1662 852/1663
f 850/1661 852/1663 853/1664
f 851/1662 847/1672 846/1671
f 851/1662 846/1671 852/1663
f 849/1668 853/1664 843/1669
f 853/1664 852/1663 843/1669
f 852/1663 845/1670 843/1669
f 852/1663 846/1671 845/1670
f 842/1653 849/1660 843/1654
f 841/1652 842/1653 843/1654
f 844/1655 841/1652 843/1654
f 844/1655 843/1654 845/1656
f 844/1655 845/1656 846/1657
f 844/1655 846/1657 847/1658
f 844/1655 847/1658 848/1659
f 855/1691 862/1682 856/1690
f 855/1691 859/1687 864/1685
f 855/1691 864/1685 862/1682
f 856/1690 862/1682 857/1689
f 859/1687 860/1683 864/1685
f 864/1685 860/1683 862/1682
f 862/1682 863/1684 857/1689
f 862/1682 860/1683 863/1684
f 857/1689 863/1684 858/1688
f 860/1683 861/1686 863/1684
f 863/1684 861/1686 858/1688
f 855/1675 856/1676 857/1677
f 855/1675 857/1677 858/1678
f 859/1679 855/1675 858/1678
f 860/1680 859/1679 858/1678
f 860/1680 858/1678 861/1681
f 867/1708 866/1707 872/1699
f 867/1708 874/1702 869/1704
f 867/1708 872/1699 874/1702
f 866/1707 865/1706 872/1699
f 869/1704 874/1702 870/1701
f 874/1702 872/1699 870/1701
f 872/1699 865/1706 873/1700
f 872/1699 873/1700 870/1701
f 865/1706 868/1705 873/1700
f 870/1701 873/1700 871/1703
f 873/1700 868/1705 871/1703
f 865/1692 866/1693 867/1694
f 868/1695 865/1692 867/1694
f 868/1695 867/1694 869/1696
f 868/1695 869/1696 870/1697
f 871/1698 868/1695 870/1697
f 876/1733 885/1734 877/1735
f 876/1733 886/1737 885/1734
f 876/1733 880/1738 886/1737
f 877/1735 885/1734 881/1736
f 877/1732 881/1731 878/1727
f 881/1731 883/1728 878/1727
f 880/1721 884/1723 886/1724
f 880/1721 879/1722 884/1723
f 878/1727 883/1728 875/1729
f 883/1728 882/1730 875/1729
f 879/1722 875/1726 882/1725
f 879/1722 882/1725 884/1723
f 879/1713 880/1714 876/1710
f 875/1709 879/1713 876/1710
f 875/1709 876/1710 877/1711
f 875/1709 877/1711 878/1712
f 885/1719 886/1720 884/1718
f 881/1715 885/1719 884/1718
f 881/1715 884/1718 882/1716
f 881/1715 882/1716 883/1717
f 888/1753 887/1754 896/1748
f 888/1753 900/1752 889/1756
f 888/1753 896/1748 900/1752
f 887/1754 897/1749 896/1748
f 887/1754 895/1755 897/1749
f 889/1756 900/1752 894/1757
f 900/1752 896/1748 898/1750
f 900/1752 898/1750 894/1757
f 896/1748 897/1749 898/1750
f 894/1757 898/1750 893/1758
f 898/1750 897/1749 899/1751
f 898/1750 892/1759 893/1758
f 898/1750 899/1751 892/1759
f 895/1755 890/1760 897/1749
f 897/1749 890/1760 899/1751
f 899/1751 890/1760 891/1761
f 899/1751 891/1761 892/1759
f 890/1742 895/1747 887/1739
f 887/1739 888/1740 889/1741
f 890/1742 887/1739 889/1741
f 891/1743 890/1742 889/1741
f 892/1744 891/1743 889/1741
f 893/1745 892/1744 889/1741
f 894/1746 893/1745 889/1741
f 902/1776 910/1771 903/1777
f 902/1776 901/1779 914/1775
f 902/1776 914/1775 910/1771
f 903/1777 910/1771 912/1773
f 903/1777 912/1773 909/1778
f 901/1779 908/1780 914/1775
f 914/1775 911/1772 910/1771
f 914/1775 908/1780 911/1772
f 910/1771 911/1772 912/1773
f 908/1780 907/1781 911/1772
f 911/1772 913/1774 912/1773
f 911/1772 907/1781 906/1782
f 911/1772 906/1782 913/1774
f 909/1778 912/1773 904/1783
f 912/1773 913/1774 904/1783
f 913/1774 905/1784 904/1783
f 913/1774 906/1782 905/1784
f 903/1764 909/1770 904/1765
f 901/1762 902/1763 903/1764
f 901/1762 903/1764 904/1765
f 901/1762 904/1765 905/1766
f 901/1762 905/1766 906/1767
f 901/1762 906/1767 907/1768
f 901/1762 907/1768 908/1769
f 916/1798 915/1797 923/1793
f 916/1798 923/1793 917/1799
f 915/1797 924/1794 923/1793
f 915/1797 918/1804 924/1794
f 917/1799 923/1793 926/1796
f 917/1799 926/1796 922/1801
f 923/1793 925/1795 926/1796
f 923/1793 924/1794 925/1795
f 926/1796 921/1800 922/1801
f 926/1796 925/1795 921/1800
f 918/1804 919/1803 924/1794
f 924/1794 919/1803 925/1795
f 925/1795 920/1802 921/1800
f 925/1795 919/1803 920/1802
f 915/1785 916/1786 917/1787
f 918/1788 915/1785 917/1787
f 919/1789 918/1788 917/1787
f 920/1790 919/1789 917/1787
f 921/1791 920/1790 917/1787
f 921/1791 917/1787 922/1792
f 928/1818 935/1813 929/1817
f 928/1818 927/1819 935/1813
f 929/1817 935/1813 937/1815
f 929/1817 937/1815 930/1824
f 927/1819 938/1816 935/1813
f 927/1819 934/1821 938/1816
f 935/1813 938/1816 936/1814
f 935/1813 936/1814 937/1815
f 938/1816 934/1821 933/1820
f 938/1816 933/1820 936/1814
f 930/1824 937/1815 931/1823
f 937/1815 936/1814 931/1823
f 936/1814 933/1820 932/1822
f 936/1814 932/1822 931/1823
f 927/1805 928/1806 929/1807
f 927/1805 929/1807 930/1808
f 927/1805 930/1808 931/1809
f 927/1805 931/1809 932/1810
f 927/1805 932/1810 933/1811
f 934/1812 927/1805 933/1811
f 941/1838 940/1837 947/1833
f 941/1838 947/1833 942/1841
f 940/1837 948/1834 947/1833
f 940/1837 943/1839 948/1834
f 942/1841 947/1833 950/1836
f 942/1841 950/1836 939/1844
f 947/1833 948/1834 949/1835
f 947/1833 949/1835 950/1836
f 948/1834 943/1839 946/1840
f 948/1834 946/1840 949/1835
f 939/1844 950/1836 944/1843
f 950/1836 949/1835 944/1843
f 949/1835 946/1840 945/1842
f 949/1835 945/1842 944/1843
f 945/1831 946/1832 943/1829
f 944/1830 945/1831 943/1829
f 939/1825 944/1830 943/1829
f 939/1825 943/1829 940/1826
f 939/1825 940/1826 941/1827
f 942/1828 939/1825 941/1827
f 954/1868 958/1866 951/1865
f 954/1848 951/1845 953/1847
f 954/1861 956/1863 958/1864
f 954/1861 953/1862 956/1863
f 951/1865 958/1866 955/1867
f 951/1845 952/1846 953/1847
f 955/1849 958/1852 956/1850
f 955/1849 956/1850 957/1851
f 956/1853 953/1854 957/1855
f 957/1855 953/1854 952/1856
f 955/1857 957/1858 952/1859
f 951/1860 955/1857 952/1859
f 959/1910 961/1898 975/1906
f 959/1910 975/1906 980/1911
f 959/1869 960/1870 961/1871
f 959/1910 980/1911 964/1912
f 959/1869 964/1874 963/1873
f 959/1869 963/1873 960/1870
f 975/1906 974/1903 979/1907
f 975/1906 977/1904 974/1903
f 975/1906 961/1898 976/1899
f 975/1885 976/1886 977/1887
f 975/1906 979/1907 980/1911
f 974/1903 971/1902 968/1909
f 974/1903 968/1909 970/1908
f 974/1884 972/1882 971/1881
f 974/1903 970/1908 979/1907
f 974/1903 977/1904 972/1905
f 968/1909 971/1902 965/1901
f 968/1878 965/1875 967/1877
f 968/1878 969/1879 970/1880
f 968/1878 967/1877 969/1879
f 961/1871 960/1870 962/1872
f 976/1886 978/1888 977/1887
f 965/1875 966/1876 967/1877
f 964/1918 980/1913 963/1915
f 980/1913 979/1916 969/1914
f 980/1913 969/1914 963/1915
f 979/1916 970/1917 969/1914
f 963/1893 969/1894 967/1890
f 963/1893 967/1890 960/1889
f 960/1889 967/1890 966/1891
f 960/1889 966/1891 962/1892
f 977/1904 978/1896 972/1905
f 972/1905 978/1896 973/1895
f 971/1881 972/1882 973/1883
f 978/1896 976/1899 961/1898
f 965/1901 971/1902 973/1895
f 966/1900 965/1901 973/1895
f 978/1896 961/1898 962/1897
f 973/1895 978/1896 962/1897
f 966/1900 973/1895 962/1897
f 981/1919 982/1920 983/1921
f 981/1935 984/1936 985/1937
f 981/1919 983/1921 984/1922
f 982/1927 986/1930 987/1928
f 982/1927 987/1928 983/1929
f 985/1939 988/1940 986/1941
f 985/1937 984/1936 988/1938
f 986/1941 988/1940 987/1942
f 984/1931 983/1932 988/1933
f 983/1932 987/1934 988/1933
f 982/1923 981/1924 985/1925
f 985/1925 986/1926 982/1923
f 990/1993 1012/1995 991/1999
f 990/1993 989/1996 1002/1994
f 990/1993 1002/1994 1012/1995
f 991/1986 1001/1985 994/1979
f 991/1999 1012/1995 1001/2000
f 989/1996 992/1998 1003/1997
f 989/1996 1003/1997 1002/1994
f 994/1979 1004/1980 995/1981
f 994/1979 1001/1985 1004/1980
f 992/1967 993/1970 1005/1968
f 992/1967 1005/1968 1003/1969
f 995/1981 1006/1982 997/1983
f 995/1981 1004/1980 1006/1982
f 993/1970 996/1972 1007/1971
f 993/1970 1007/1971 1005/1968
f 997/1987 1008/1988 999/1989
f 997/1983 1006/1982 1008/1984
f 996/1977 998/1973 1009/1975
f 996/1977 1009/1975 1007/1978
f 999/1989 1010/1990 1000/1991
f 999/1989 1008/1988 1010/1990
f 998/1973 1000/1976 1011/1974
f 998/1973 1011/1974 1009/1975
f 1000/1991 1010/1990 1011/1992
f 1012/1966 1002/1956 1001/1955
f 1001/1955 1002/1956 1003/1957
f 1001/1955 1003/1957 1004/1958
f 1004/1958 1003/1957 1005/1959
f 1004/1958 1005/1959 1006/1960
f 1006/1960 1005/1959 1007/1961
f 1006/1960 1007/1961 1008/1962
f 1008/1962 1007/1961 1009/1963
f 1008/1962 1009/1963 1010/1964
f 1010/1964 1009/1963 1011/1965
f 999/1953 1000/1954 998/1952
f 997/1951 999/1953 998/1952
f 997/1951 998/1952 996/1950
f 995/1949 997/1951 996/1950
f 995/1949 996/1950 993/1947
f 994/1948 995/1949 993/1947
f 991/1945 994/1948 993/1947
f 991/1945 993/1947 992/1946
f 991/1945 992/1946 989/1943
f 989/1943 990/1944 991/1945
